#! /usr/bin/vvp
:ivl_version "12.0 (stable)";
:ivl_delay_selection "TYPICAL";
:vpi_time_precision + 0;
:vpi_module "/usr/lib/x86_64-linux-gnu/ivl/system.vpi";
:vpi_module "/usr/lib/x86_64-linux-gnu/ivl/vhdl_sys.vpi";
:vpi_module "/usr/lib/x86_64-linux-gnu/ivl/vhdl_textio.vpi";
:vpi_module "/usr/lib/x86_64-linux-gnu/ivl/v2005_math.vpi";
:vpi_module "/usr/lib/x86_64-linux-gnu/ivl/va_math.vpi";
:vpi_module "/usr/lib/x86_64-linux-gnu/ivl/v2009.vpi";
S_0x6184c77f5f20 .scope package, "$unit" "$unit" 2 1;
 .timescale 0 0;
S_0x6184c7883e40 .scope module, "audio" "audio" 3 14;
 .timescale 0 0;
    .port_info 0 /INPUT 1 "clk";
    .port_info 1 /INPUT 1 "rst_n";
    .port_info 2 /INPUT 1 "ev_heart_gain";
    .port_info 3 /INPUT 1 "ev_heart_lose";
    .port_info 4 /INPUT 1 "ev_evolve";
    .port_info 5 /INPUT 1 "ev_game_over";
    .port_info 6 /OUTPUT 1 "spkr";
L_0x7a7465830018 .functor BUFT 1, C4<0>, C4<0>, C4<0>, C4<0>;
v0x6184c78bd150_0 .net/2u *"_ivl_0", 0 0, L_0x7a7465830018;  1 drivers
v0x6184c78bda00_0 .net *"_ivl_2", 4 0, L_0x6184c78ef970;  1 drivers
v0x6184c7869540_0 .net "_unused", 0 0, L_0x6184c78efaa0;  1 drivers
o0x7a74658790a8 .functor BUFZ 1, C4<z>; HiZ drive
v0x6184c7869fd0_0 .net "clk", 0 0, o0x7a74658790a8;  0 drivers
o0x7a74658790d8 .functor BUFZ 1, C4<z>; HiZ drive
v0x6184c78209e0_0 .net "ev_evolve", 0 0, o0x7a74658790d8;  0 drivers
o0x7a7465879108 .functor BUFZ 1, C4<z>; HiZ drive
v0x6184c7854a10_0 .net "ev_game_over", 0 0, o0x7a7465879108;  0 drivers
o0x7a7465879138 .functor BUFZ 1, C4<z>; HiZ drive
v0x6184c78444a0_0 .net "ev_heart_gain", 0 0, o0x7a7465879138;  0 drivers
o0x7a7465879168 .functor BUFZ 1, C4<z>; HiZ drive
v0x6184c781c130_0 .net "ev_heart_lose", 0 0, o0x7a7465879168;  0 drivers
o0x7a7465879198 .functor BUFZ 1, C4<z>; HiZ drive
v0x6184c783b4a0_0 .net "rst_n", 0 0, o0x7a7465879198;  0 drivers
v0x6184c783efc0_0 .var "spkr", 0 0;
E_0x6184c76bb310 .event posedge, v0x6184c7869fd0_0;
LS_0x6184c78ef970_0_0 .concat [ 1 1 1 1], L_0x7a7465830018, o0x7a7465879108, o0x7a74658790d8, o0x7a7465879168;
LS_0x6184c78ef970_0_4 .concat [ 1 0 0 0], o0x7a7465879138;
L_0x6184c78ef970 .concat [ 4 1 0 0], LS_0x6184c78ef970_0_0, LS_0x6184c78ef970_0_4;
L_0x6184c78efaa0 .reduce/and L_0x6184c78ef970;
S_0x6184c788fce0 .scope module, "chest_rom" "chest_rom" 4 45;
 .timescale 0 0;
    .port_info 0 /INPUT 2 "frame";
    .port_info 1 /INPUT 5 "row";
    .port_info 2 /INPUT 5 "col";
    .port_info 3 /OUTPUT 2 "code";
L_0x7a7465830060 .functor BUFT 1, C4<0>, C4<0>, C4<0>, C4<0>;
v0x6184c78856c0_0 .net/2u *"_ivl_0", 0 0, L_0x7a7465830060;  1 drivers
v0x6184c7885a00_0 .net *"_ivl_2", 2 0, L_0x6184c78efb90;  1 drivers
v0x6184c7879360_0 .net "_unused", 0 0, L_0x6184c78efc80;  1 drivers
v0x6184c7879020_0 .var "code", 1 0;
o0x7a7465879408 .functor BUFZ 5, C4<zzzzz>; HiZ drive
v0x6184c766b470_0 .net "col", 4 0, o0x7a7465879408;  0 drivers
o0x7a7465879438 .functor BUFZ 2, C4<zz>; HiZ drive
v0x6184c7857500_0 .net "frame", 1 0, o0x7a7465879438;  0 drivers
o0x7a7465879468 .functor BUFZ 5, C4<zzzzz>; HiZ drive
v0x6184c7859cf0_0 .net "row", 4 0, o0x7a7465879468;  0 drivers
E_0x6184c76bbbf0 .event anyedge, v0x6184c7859cf0_0, v0x6184c766b470_0;
L_0x6184c78efb90 .concat [ 1 2 0 0], L_0x7a7465830060, o0x7a7465879438;
L_0x6184c78efc80 .reduce/and L_0x6184c78efb90;
S_0x6184c781d100 .scope module, "digit_rom" "digit_rom" 4 105;
 .timescale 0 0;
    .port_info 0 /INPUT 4 "digit";
    .port_info 1 /INPUT 3 "row";
    .port_info 2 /OUTPUT 4 "bits";
v0x6184c7856380_0 .var "bits", 3 0;
o0x7a7465879588 .functor BUFZ 4, C4<zzzz>; HiZ drive
v0x6184c7856480_0 .net "digit", 3 0, o0x7a7465879588;  0 drivers
o0x7a74658795b8 .functor BUFZ 3, C4<zzz>; HiZ drive
v0x6184c78257d0_0 .net "row", 2 0, o0x7a74658795b8;  0 drivers
E_0x6184c76bc260 .event anyedge, v0x6184c7856480_0, v0x6184c78257d0_0;
S_0x6184c77faae0 .scope module, "dragon_rom" "dragon_rom" 4 15;
 .timescale 0 0;
    .port_info 0 /INPUT 3 "level";
    .port_info 1 /INPUT 6 "row";
    .port_info 2 /INPUT 6 "col";
    .port_info 3 /OUTPUT 3 "code";
v0x6184c7825c30_0 .net *"_ivl_1", 1 0, L_0x6184c78efd70;  1 drivers
v0x6184c7825d30_0 .net *"_ivl_3", 1 0, L_0x6184c78efe10;  1 drivers
L_0x7a74658300a8 .functor BUFT 1, C4<0>, C4<0>, C4<0>, C4<0>;
v0x6184c7825e50_0 .net/2u *"_ivl_4", 0 0, L_0x7a74658300a8;  1 drivers
v0x6184c7825f30_0 .net *"_ivl_6", 7 0, L_0x6184c78efeb0;  1 drivers
v0x6184c7826660_0 .net "_unused", 0 0, L_0x6184c78f0040;  1 drivers
v0x6184c7826720_0 .var "code", 2 0;
o0x7a7465879798 .functor BUFZ 6, C4<zzzzzz>; HiZ drive
v0x6184c7826880_0 .net "col", 5 0, o0x7a7465879798;  0 drivers
o0x7a74658797c8 .functor BUFZ 3, C4<zzz>; HiZ drive
v0x6184c7826960_0 .net "level", 2 0, o0x7a74658797c8;  0 drivers
o0x7a74658797f8 .functor BUFZ 6, C4<zzzzzz>; HiZ drive
v0x6184c78271a0_0 .net "row", 5 0, o0x7a74658797f8;  0 drivers
E_0x6184c76bbfa0 .event anyedge, v0x6184c78271a0_0, v0x6184c7826880_0;
L_0x6184c78efd70 .part o0x7a74658797f8, 4, 2;
L_0x6184c78efe10 .part o0x7a7465879798, 4, 2;
L_0x6184c78efeb0 .concat [ 1 2 2 3], L_0x7a74658300a8, L_0x6184c78efe10, L_0x6184c78efd70, o0x7a74658797c8;
L_0x6184c78f0040 .reduce/and L_0x6184c78efeb0;
S_0x6184c77fa6a0 .scope module, "ei_generator" "ei_generator" 4 238;
 .timescale 0 0;
    .port_info 0 /INPUT 10 "x";
    .port_info 1 /INPUT 10 "y";
    .port_info 2 /INPUT 3 "level";
    .port_info 3 /INPUT 2 "mood_anim";
    .port_info 4 /INPUT 2 "bob";
    .port_info 5 /OUTPUT 1 "px_on";
    .port_info 6 /OUTPUT 3 "px_code";
P_0x6184c7885aa0 .param/l "B" 1 4 260, +C4<0000000000000000000000000000000000000000000000000000000010010001>;
P_0x6184c7885ae0 .param/l "RAND" 1 4 261, +C4<0000000000000000000000000000000000000000000000000000000000001000>;
L_0x6184c78bd8a0 .functor AND 1, L_0x6184c79017e0, L_0x6184c79016a0, C4<1>, C4<1>;
L_0x6184c78208c0 .functor AND 1, L_0x6184c78bd8a0, L_0x6184c7901a60, C4<1>, C4<1>;
L_0x6184c78548b0 .functor AND 1, L_0x6184c78208c0, L_0x6184c7901c10, C4<1>, C4<1>;
L_0x6184c7844380 .functor AND 1, L_0x6184c7901b50, L_0x6184c7901f90, C4<1>, C4<1>;
L_0x6184c781bf90 .functor AND 1, L_0x6184c7844380, L_0x6184c7902290, C4<1>, C4<1>;
L_0x6184c783b380 .functor AND 1, L_0x6184c781bf90, L_0x6184c7902420, C4<1>, C4<1>;
L_0x6184c783ee60 .functor AND 1, L_0x6184c78548b0, L_0x6184c7902b50, C4<1>, C4<1>;
L_0x6184c76e7330 .functor AND 1, L_0x6184c783b380, L_0x6184c7902ef0, C4<1>, C4<1>;
L_0x6184c7903430 .functor AND 1, L_0x6184c76e7330, L_0x6184c79049b0, C4<1>, C4<1>;
L_0x6184c7904880 .functor OR 1, L_0x6184c79037f0, L_0x6184c7903ec0, C4<0>, C4<0>;
L_0x6184c7904c90 .functor OR 1, L_0x6184c7904880, L_0x6184c7904580, C4<0>, C4<0>;
L_0x6184c7904d50 .functor AND 1, L_0x6184c783ee60, L_0x6184c7904c90, C4<1>, C4<1>;
L_0x7a74658300f0 .functor BUFT 1, C4<0>, C4<0>, C4<0>, C4<0>;
v0x6184c78273c0_0 .net/2u *"_ivl_0", 0 0, L_0x7a74658300f0;  1 drivers
L_0x7a7465830180 .functor BUFT 1, C4<000101000000>, C4<0>, C4<0>, C4<0>;
v0x6184c78274c0_0 .net/2s *"_ivl_10", 11 0, L_0x7a7465830180;  1 drivers
v0x6184c7827cd0_0 .net/s *"_ivl_103", 63 0, L_0x6184c7902670;  1 drivers
v0x6184c7827db0_0 .net/s *"_ivl_105", 63 0, L_0x6184c7902330;  1 drivers
v0x6184c7827ef0_0 .net/s *"_ivl_106", 63 0, L_0x6184c7902900;  1 drivers
v0x6184c7827fd0_0 .net/s *"_ivl_109", 63 0, L_0x6184c79027b0;  1 drivers
v0x6184c78287e0_0 .net *"_ivl_110", 0 0, L_0x6184c7902b50;  1 drivers
v0x6184c78288a0_0 .net/s *"_ivl_115", 63 0, L_0x6184c7902d60;  1 drivers
v0x6184c78289e0_0 .net/s *"_ivl_117", 63 0, L_0x6184c7902e00;  1 drivers
v0x6184c782c8a0_0 .net/s *"_ivl_118", 63 0, L_0x6184c7902c40;  1 drivers
v0x6184c782c980_0 .net/s *"_ivl_121", 63 0, L_0x6184c7903070;  1 drivers
v0x6184c782d160_0 .net *"_ivl_122", 0 0, L_0x6184c7902ef0;  1 drivers
L_0x7a7465830570 .functor BUFT 1, C4<0000000000000000000000000000000000000000000000000000000000011001>, C4<0>, C4<0>, C4<0>;
v0x6184c782d220_0 .net/2s *"_ivl_126", 63 0, L_0x7a7465830570;  1 drivers
L_0x7a74658305b8 .functor BUFT 1, C4<1111111111111111111111111111111111111111111111111111111111000100>, C4<0>, C4<0>, C4<0>;
v0x6184c782dd80_0 .net/2s *"_ivl_130", 63 0, L_0x7a74658305b8;  1 drivers
v0x6184c782de60_0 .net/s *"_ivl_135", 63 0, L_0x6184c7903750;  1 drivers
v0x6184c78461a0_0 .net/s *"_ivl_137", 63 0, L_0x6184c7903600;  1 drivers
v0x6184c7846280_0 .net/s *"_ivl_138", 63 0, L_0x6184c7903950;  1 drivers
L_0x7a74658301c8 .functor BUFT 1, C4<00>, C4<0>, C4<0>, C4<0>;
v0x6184c78463f0_0 .net/2u *"_ivl_14", 1 0, L_0x7a74658301c8;  1 drivers
L_0x7a7465830600 .functor BUFT 1, C4<0000000000000000000000000000000000000000000000000000001011011001>, C4<0>, C4<0>, C4<0>;
v0x6184c78464d0_0 .net/2s *"_ivl_140", 63 0, L_0x7a7465830600;  1 drivers
L_0x7a7465830648 .functor BUFT 1, C4<0000000000000000000000000000000000000000000000000000000000011110>, C4<0>, C4<0>, C4<0>;
v0x6184c78aee80_0 .net/2s *"_ivl_144", 63 0, L_0x7a7465830648;  1 drivers
L_0x7a7465830690 .functor BUFT 1, C4<0000000000000000000000000000000000000000000000000000000001000110>, C4<0>, C4<0>, C4<0>;
v0x6184c78aef60_0 .net/2s *"_ivl_148", 63 0, L_0x7a7465830690;  1 drivers
v0x6184c76bea50_0 .net/s *"_ivl_153", 63 0, L_0x6184c7903e20;  1 drivers
v0x6184c76beb30_0 .net/s *"_ivl_155", 63 0, L_0x6184c7903ca0;  1 drivers
v0x6184c76bec10_0 .net/s *"_ivl_156", 63 0, L_0x6184c7904050;  1 drivers
L_0x7a74658306d8 .functor BUFT 1, C4<0000000000000000000000000000000000000000000000000000010011001001>, C4<0>, C4<0>, C4<0>;
v0x6184c76becf0_0 .net/2s *"_ivl_158", 63 0, L_0x7a74658306d8;  1 drivers
v0x6184c76bedd0_0 .net *"_ivl_16", 11 0, L_0x6184c7900660;  1 drivers
L_0x7a7465830720 .functor BUFT 1, C4<0000000000000000000000000000000000000000000000000000000000110010>, C4<0>, C4<0>, C4<0>;
v0x6184c76c1000_0 .net/2s *"_ivl_162", 63 0, L_0x7a7465830720;  1 drivers
L_0x7a7465830768 .functor BUFT 1, C4<0000000000000000000000000000000000000000000000000000000000010100>, C4<0>, C4<0>, C4<0>;
v0x6184c76c10e0_0 .net/2s *"_ivl_166", 63 0, L_0x7a7465830768;  1 drivers
v0x6184c76c11c0_0 .net/s *"_ivl_171", 63 0, L_0x6184c7904230;  1 drivers
v0x6184c76c12a0_0 .net/s *"_ivl_173", 63 0, L_0x6184c7904380;  1 drivers
v0x6184c76c1380_0 .net/s *"_ivl_174", 63 0, L_0x6184c7904470;  1 drivers
L_0x7a74658307b0 .functor BUFT 1, C4<0000000000000000000000000000000000000000000000000000001110000100>, C4<0>, C4<0>, C4<0>;
v0x6184c76dd410_0 .net/2s *"_ivl_176", 63 0, L_0x7a74658307b0;  1 drivers
L_0x7a7465830210 .functor BUFT 1, C4<000011110000>, C4<0>, C4<0>, C4<0>;
v0x6184c76dd4d0_0 .net/2s *"_ivl_18", 11 0, L_0x7a7465830210;  1 drivers
v0x6184c76dd7c0_0 .net *"_ivl_181", 0 0, L_0x6184c79049b0;  1 drivers
L_0x7a7465830840 .functor BUFT 1, C4<000>, C4<0>, C4<0>, C4<0>;
v0x6184c76e1e70_0 .net/2u *"_ivl_186", 2 0, L_0x7a7465830840;  1 drivers
v0x6184c76e1f50_0 .net *"_ivl_189", 0 0, L_0x6184c7904880;  1 drivers
v0x6184c76e2010_0 .net *"_ivl_191", 0 0, L_0x6184c7904c90;  1 drivers
v0x6184c76e20d0_0 .net *"_ivl_193", 0 0, L_0x6184c7904d50;  1 drivers
L_0x7a7465830888 .functor BUFT 1, C4<010>, C4<0>, C4<0>, C4<0>;
v0x6184c76e2190_0 .net/2u *"_ivl_194", 2 0, L_0x7a7465830888;  1 drivers
L_0x7a74658308d0 .functor BUFT 1, C4<001>, C4<0>, C4<0>, C4<0>;
v0x6184c76e46e0_0 .net/2u *"_ivl_196", 2 0, L_0x7a74658308d0;  1 drivers
L_0x7a7465830918 .functor BUFT 1, C4<001>, C4<0>, C4<0>, C4<0>;
v0x6184c76e47c0_0 .net/2u *"_ivl_198", 2 0, L_0x7a7465830918;  1 drivers
v0x6184c76e48a0_0 .net *"_ivl_2", 7 0, L_0x6184c78f0160;  1 drivers
v0x6184c76e4980_0 .net *"_ivl_200", 2 0, L_0x6184c7905090;  1 drivers
v0x6184c76e4a60_0 .net *"_ivl_202", 2 0, L_0x6184c7905130;  1 drivers
L_0x7a74658302a0 .functor BUFT 1, C4<0000000000000000000000000000000000000000000000000000000010100110>, C4<0>, C4<0>, C4<0>;
v0x6184c774c880_0 .net/2u *"_ivl_32", 63 0, L_0x7a74658302a0;  1 drivers
L_0x7a74658302e8 .functor BUFT 1, C4<0000000000000000000000000000000000000000000000000000000001011010>, C4<0>, C4<0>, C4<0>;
v0x6184c774c940_0 .net/2u *"_ivl_36", 63 0, L_0x7a74658302e8;  1 drivers
v0x6184c774ca20_0 .net *"_ivl_39", 63 0, L_0x6184c7900ea0;  1 drivers
L_0x7a7465830330 .functor BUFT 1, C4<0000000000000000000000000000000000000000000000000000100111000100>, C4<0>, C4<0>, C4<0>;
v0x6184c774cb00_0 .net/2u *"_ivl_40", 63 0, L_0x7a7465830330;  1 drivers
v0x6184c774cbe0_0 .net *"_ivl_42", 63 0, L_0x6184c7900fb0;  1 drivers
L_0x7a7465830378 .functor BUFT 1, C4<0000000000000000000000000000000000000000000000000000000000001000>, C4<0>, C4<0>, C4<0>;
v0x6184c77a2380_0 .net/2s *"_ivl_48", 63 0, L_0x7a7465830378;  1 drivers
L_0x7a7465830408 .functor BUFT 1, C4<0000000000000000000000000000000000000000000000000000000000000000>, C4<0>, C4<0>, C4<0>;
v0x6184c77a2460_0 .net *"_ivl_58", 63 0, L_0x7a7465830408;  1 drivers
L_0x7a7465830138 .functor BUFT 1, C4<00>, C4<0>, C4<0>, C4<0>;
v0x6184c77a2540_0 .net/2u *"_ivl_6", 1 0, L_0x7a7465830138;  1 drivers
v0x6184c77a2620_0 .net *"_ivl_61", 63 0, L_0x6184c7901740;  1 drivers
v0x6184c77a2700_0 .net *"_ivl_62", 0 0, L_0x6184c79017e0;  1 drivers
v0x6184c7759f70_0 .net *"_ivl_64", 0 0, L_0x6184c79016a0;  1 drivers
v0x6184c775a030_0 .net *"_ivl_67", 0 0, L_0x6184c78bd8a0;  1 drivers
L_0x7a7465830450 .functor BUFT 1, C4<1111111111111111111111111111111111111111111111111111111101101111>, C4<0>, C4<0>, C4<0>;
v0x6184c775a0f0_0 .net/2s *"_ivl_68", 63 0, L_0x7a7465830450;  1 drivers
v0x6184c775a1d0_0 .net *"_ivl_70", 0 0, L_0x6184c7901a60;  1 drivers
v0x6184c775a290_0 .net *"_ivl_73", 0 0, L_0x6184c78208c0;  1 drivers
L_0x7a7465830498 .functor BUFT 1, C4<0000000000000000000000000000000000000000000000000000000010010001>, C4<0>, C4<0>, C4<0>;
v0x6184c775a350_0 .net/2s *"_ivl_74", 63 0, L_0x7a7465830498;  1 drivers
v0x6184c7703f10_0 .net *"_ivl_76", 0 0, L_0x6184c7901c10;  1 drivers
v0x6184c7703fd0_0 .net *"_ivl_8", 11 0, L_0x6184c78f0390;  1 drivers
L_0x7a74658304e0 .functor BUFT 1, C4<0000000000000000000000000000000000000000000000000000000000000000>, C4<0>, C4<0>, C4<0>;
v0x6184c77040b0_0 .net *"_ivl_80", 63 0, L_0x7a74658304e0;  1 drivers
v0x6184c7704190_0 .net *"_ivl_83", 63 0, L_0x6184c7901dd0;  1 drivers
v0x6184c7704270_0 .net *"_ivl_84", 0 0, L_0x6184c7901b50;  1 drivers
v0x6184c77068f0_0 .net *"_ivl_86", 0 0, L_0x6184c7901f90;  1 drivers
v0x6184c7706990_0 .net *"_ivl_89", 0 0, L_0x6184c7844380;  1 drivers
L_0x7a7465830528 .functor BUFT 1, C4<0000000000000000000000000000000000000000000000000000000000000000>, C4<0>, C4<0>, C4<0>;
v0x6184c7706a50_0 .net *"_ivl_90", 63 0, L_0x7a7465830528;  1 drivers
v0x6184c7706b30_0 .net *"_ivl_93", 63 0, L_0x6184c7902110;  1 drivers
v0x6184c7706c10_0 .net *"_ivl_94", 0 0, L_0x6184c7902290;  1 drivers
v0x6184c7706cd0_0 .net *"_ivl_97", 0 0, L_0x6184c781bf90;  1 drivers
v0x6184c777b0f0_0 .net *"_ivl_98", 0 0, L_0x6184c7902420;  1 drivers
v0x6184c777b190_0 .net "_unused", 0 0, L_0x6184c78f0250;  1 drivers
v0x6184c777b250_0 .net/s "a_dyn", 63 0, L_0x6184c79010f0;  1 drivers
v0x6184c777b330_0 .net/s "a_dyn_sq", 63 0, L_0x6184c79012b0;  1 drivers
v0x6184c777b410_0 .net/s "a_out", 63 0, L_0x6184c7901350;  1 drivers
v0x6184c77aadb0_0 .net/s "a_out_sq", 63 0, L_0x6184c7901510;  1 drivers
L_0x7a74658303c0 .functor BUFT 1, C4<0000000000000000000000000000000000000000000000000000000010011001>, C4<0>, C4<0>, C4<0>;
v0x6184c77aae90_0 .net/s "b_out", 63 0, L_0x7a74658303c0;  1 drivers
v0x6184c77aaf70_0 .net/s "b_out_sq", 63 0, L_0x6184c79015b0;  1 drivers
L_0x7a7465830258 .functor BUFT 1, C4<0000000000000000000000000000000000000000000000000101001000100001>, C4<0>, C4<0>, C4<0>;
v0x6184c77ab050_0 .net/s "b_sq", 63 0, L_0x7a7465830258;  1 drivers
o0x7a746587a7e8 .functor BUFZ 2, C4<zz>; HiZ drive
v0x6184c77ab130_0 .net "bob", 1 0, o0x7a746587a7e8;  0 drivers
v0x6184c7769aa0_0 .net "border", 0 0, L_0x6184c7903430;  1 drivers
v0x6184c7769b40_0 .net "box_in", 0 0, L_0x6184c78548b0;  1 drivers
v0x6184c7769c00_0 .net "box_out", 0 0, L_0x6184c783b380;  1 drivers
v0x6184c7769cc0_0 .net/s "dx", 11 0, L_0x6184c79004c0;  1 drivers
v0x6184c7769da0_0 .net/s "dx64", 63 0, L_0x6184c7900900;  1 drivers
v0x6184c7769e80_0 .net/s "dx_sq", 63 0, L_0x6184c7900b30;  1 drivers
v0x6184c7750200_0 .net/s "dy", 11 0, L_0x6184c7900750;  1 drivers
v0x6184c77502c0_0 .net/s "dy64", 63 0, L_0x6184c79009f0;  1 drivers
v0x6184c77503a0_0 .net/s "dy_sq", 63 0, L_0x6184c7900c20;  1 drivers
v0x6184c7750480_0 .net "in_ei", 0 0, L_0x6184c783ee60;  1 drivers
v0x6184c7750540_0 .net "in_ei_out", 0 0, L_0x6184c76e7330;  1 drivers
o0x7a746587aa28 .functor BUFZ 3, C4<zzz>; HiZ drive
v0x6184c778da10_0 .net "level", 2 0, o0x7a746587aa28;  0 drivers
o0x7a746587aa58 .functor BUFZ 2, C4<zz>; HiZ drive
v0x6184c778daf0_0 .net "mood_anim", 1 0, o0x7a746587aa58;  0 drivers
v0x6184c778dbd0_0 .net "px_code", 2 0, L_0x6184c7904b40;  1 drivers
L_0x7a74658307f8 .functor BUFT 1, C4<1>, C4<0>, C4<0>, C4<0>;
v0x6184c778dcb0_0 .net "px_on", 0 0, L_0x7a74658307f8;  1 drivers
v0x6184c778dd70_0 .net/s "t", 63 0, L_0x6184c7900d70;  1 drivers
v0x6184c7755ab0_0 .net "vlek1", 0 0, L_0x6184c79037f0;  1 drivers
v0x6184c7755b70_0 .net/s "vlek1_dx", 63 0, L_0x6184c7903390;  1 drivers
v0x6184c7755c50_0 .net/s "vlek1_dy", 63 0, L_0x6184c7903110;  1 drivers
v0x6184c7755d30_0 .net "vlek2", 0 0, L_0x6184c7903ec0;  1 drivers
v0x6184c7755df0_0 .net/s "vlek2_dx", 63 0, L_0x6184c7903bb0;  1 drivers
v0x6184c777d410_0 .net/s "vlek2_dy", 63 0, L_0x6184c7903a40;  1 drivers
v0x6184c777d4f0_0 .net "vlek3", 0 0, L_0x6184c7904580;  1 drivers
v0x6184c777d5b0_0 .net/s "vlek3_dx", 63 0, L_0x6184c79042e0;  1 drivers
v0x6184c777d690_0 .net/s "vlek3_dy", 63 0, L_0x6184c7904140;  1 drivers
o0x7a746587acc8 .functor BUFZ 10, C4<zzzzzzzzzz>; HiZ drive
v0x6184c777d770_0 .net "x", 9 0, o0x7a746587acc8;  0 drivers
o0x7a746587acf8 .functor BUFZ 10, C4<zzzzzzzzzz>; HiZ drive
v0x6184c7718c30_0 .net "y", 9 0, o0x7a746587acf8;  0 drivers
L_0x6184c78f0160 .concat [ 1 2 2 3], L_0x7a74658300f0, o0x7a746587a7e8, o0x7a746587aa58, o0x7a746587aa28;
L_0x6184c78f0250 .reduce/and L_0x6184c78f0160;
L_0x6184c78f0390 .concat [ 10 2 0 0], o0x7a746587acc8, L_0x7a7465830138;
L_0x6184c79004c0 .arith/sub 12, L_0x6184c78f0390, L_0x7a7465830180;
L_0x6184c7900660 .concat [ 10 2 0 0], o0x7a746587acf8, L_0x7a74658301c8;
L_0x6184c7900750 .arith/sub 12, L_0x6184c7900660, L_0x7a7465830210;
L_0x6184c7900900 .extend/s 64, L_0x6184c79004c0;
L_0x6184c79009f0 .extend/s 64, L_0x6184c7900750;
L_0x6184c7900b30 .arith/mult 64, L_0x6184c7900900, L_0x6184c7900900;
L_0x6184c7900c20 .arith/mult 64, L_0x6184c79009f0, L_0x6184c79009f0;
L_0x6184c7900d70 .arith/sum 64, L_0x6184c79009f0, L_0x7a74658302a0;
L_0x6184c7900ea0 .arith/mult 64, L_0x6184c7900d70, L_0x6184c7900d70;
L_0x6184c7900fb0 .arith/div 64, L_0x6184c7900ea0, L_0x7a7465830330;
L_0x6184c79010f0 .arith/sum 64, L_0x7a74658302e8, L_0x6184c7900fb0;
L_0x6184c79012b0 .arith/mult 64, L_0x6184c79010f0, L_0x6184c79010f0;
L_0x6184c7901350 .arith/sum 64, L_0x6184c79010f0, L_0x7a7465830378;
L_0x6184c7901510 .arith/mult 64, L_0x6184c7901350, L_0x6184c7901350;
L_0x6184c79015b0 .arith/mult 64, L_0x7a74658303c0, L_0x7a74658303c0;
L_0x6184c7901740 .arith/sub 64, L_0x7a7465830408, L_0x6184c79010f0;
L_0x6184c79017e0 .cmp/ge.s 64, L_0x6184c7900900, L_0x6184c7901740;
L_0x6184c79016a0 .cmp/ge.s 64, L_0x6184c79010f0, L_0x6184c7900900;
L_0x6184c7901a60 .cmp/ge.s 64, L_0x6184c79009f0, L_0x7a7465830450;
L_0x6184c7901c10 .cmp/ge.s 64, L_0x7a7465830498, L_0x6184c79009f0;
L_0x6184c7901dd0 .arith/sub 64, L_0x7a74658304e0, L_0x6184c7901350;
L_0x6184c7901b50 .cmp/ge.s 64, L_0x6184c7900900, L_0x6184c7901dd0;
L_0x6184c7901f90 .cmp/ge.s 64, L_0x6184c7901350, L_0x6184c7900900;
L_0x6184c7902110 .arith/sub 64, L_0x7a7465830528, L_0x7a74658303c0;
L_0x6184c7902290 .cmp/ge.s 64, L_0x6184c79009f0, L_0x6184c7902110;
L_0x6184c7902420 .cmp/ge.s 64, L_0x7a74658303c0, L_0x6184c79009f0;
L_0x6184c7902670 .arith/mult 64, L_0x6184c7900b30, L_0x7a7465830258;
L_0x6184c7902330 .arith/mult 64, L_0x6184c7900c20, L_0x6184c79012b0;
L_0x6184c7902900 .arith/sum 64, L_0x6184c7902670, L_0x6184c7902330;
L_0x6184c79027b0 .arith/mult 64, L_0x6184c79012b0, L_0x7a7465830258;
L_0x6184c7902b50 .cmp/ge.s 64, L_0x6184c79027b0, L_0x6184c7902900;
L_0x6184c7902d60 .arith/mult 64, L_0x6184c7900b30, L_0x6184c79015b0;
L_0x6184c7902e00 .arith/mult 64, L_0x6184c7900c20, L_0x6184c7901510;
L_0x6184c7902c40 .arith/sum 64, L_0x6184c7902d60, L_0x6184c7902e00;
L_0x6184c7903070 .arith/mult 64, L_0x6184c7901510, L_0x6184c79015b0;
L_0x6184c7902ef0 .cmp/ge.s 64, L_0x6184c7903070, L_0x6184c7902c40;
L_0x6184c7903390 .arith/sub 64, L_0x6184c7900900, L_0x7a7465830570;
L_0x6184c7903110 .arith/sub 64, L_0x6184c79009f0, L_0x7a74658305b8;
L_0x6184c7903750 .arith/mult 64, L_0x6184c7903390, L_0x6184c7903390;
L_0x6184c7903600 .arith/mult 64, L_0x6184c7903110, L_0x6184c7903110;
L_0x6184c7903950 .arith/sum 64, L_0x6184c7903750, L_0x6184c7903600;
L_0x6184c79037f0 .cmp/ge.s 64, L_0x7a7465830600, L_0x6184c7903950;
L_0x6184c7903bb0 .arith/sub 64, L_0x6184c7900900, L_0x7a7465830648;
L_0x6184c7903a40 .arith/sub 64, L_0x6184c79009f0, L_0x7a7465830690;
L_0x6184c7903e20 .arith/mult 64, L_0x6184c7903bb0, L_0x6184c7903bb0;
L_0x6184c7903ca0 .arith/mult 64, L_0x6184c7903a40, L_0x6184c7903a40;
L_0x6184c7904050 .arith/sum 64, L_0x6184c7903e20, L_0x6184c7903ca0;
L_0x6184c7903ec0 .cmp/ge.s 64, L_0x7a74658306d8, L_0x6184c7904050;
L_0x6184c79042e0 .arith/sum 64, L_0x6184c7900900, L_0x7a7465830720;
L_0x6184c7904140 .arith/sub 64, L_0x6184c79009f0, L_0x7a7465830768;
L_0x6184c7904230 .arith/mult 64, L_0x6184c79042e0, L_0x6184c79042e0;
L_0x6184c7904380 .arith/mult 64, L_0x6184c7904140, L_0x6184c7904140;
L_0x6184c7904470 .arith/sum 64, L_0x6184c7904230, L_0x6184c7904380;
L_0x6184c7904580 .cmp/ge.s 64, L_0x7a74658307b0, L_0x6184c7904470;
L_0x6184c79049b0 .reduce/nor L_0x6184c783ee60;
L_0x6184c7905090 .functor MUXZ 3, L_0x7a7465830918, L_0x7a74658308d0, L_0x6184c783ee60, C4<>;
L_0x6184c7905130 .functor MUXZ 3, L_0x6184c7905090, L_0x7a7465830888, L_0x6184c7904d50, C4<>;
L_0x6184c7904b40 .functor MUXZ 3, L_0x6184c7905130, L_0x7a7465830840, L_0x6184c7903430, C4<>;
S_0x6184c77f32e0 .scope module, "flame_rom" "flame_rom" 4 63;
 .timescale 0 0;
    .port_info 0 /INPUT 1 "frame";
    .port_info 1 /INPUT 4 "row";
    .port_info 2 /INPUT 4 "col";
    .port_info 3 /OUTPUT 2 "code";
v0x6184c7718e30_0 .var "code", 1 0;
o0x7a746587aea8 .functor BUFZ 4, C4<zzzz>; HiZ drive
v0x6184c7718f30_0 .net "col", 3 0, o0x7a746587aea8;  0 drivers
o0x7a746587aed8 .functor BUFZ 1, C4<z>; HiZ drive
v0x6184c7719010_0 .net "frame", 0 0, o0x7a746587aed8;  0 drivers
o0x7a746587af08 .functor BUFZ 4, C4<zzzz>; HiZ drive
v0x6184c7724980_0 .net "row", 3 0, o0x7a746587af08;  0 drivers
E_0x6184c76baea0 .event anyedge, v0x6184c7718f30_0, v0x6184c7724980_0, v0x6184c7719010_0;
S_0x6184c77f8d60 .scope module, "heart_rom" "heart_rom" 4 85;
 .timescale 0 0;
    .port_info 0 /INPUT 4 "row";
    .port_info 1 /INPUT 4 "col";
    .port_info 2 /OUTPUT 1 "on";
o0x7a746587aff8 .functor BUFZ 4, C4<zzzz>; HiZ drive
v0x6184c7724b20_0 .net "col", 3 0, o0x7a746587aff8;  0 drivers
v0x6184c7724c20_0 .var "on", 0 0;
o0x7a746587b058 .functor BUFZ 4, C4<zzzz>; HiZ drive
v0x6184c7724ce0_0 .net "row", 3 0, o0x7a746587b058;  0 drivers
E_0x6184c76ba5a0 .event anyedge, v0x6184c7724b20_0, v0x6184c7724ce0_0;
S_0x6184c77f6360 .scope module, "hud" "hud" 5 13;
 .timescale 0 0;
    .port_info 0 /INPUT 10 "pix_x";
    .port_info 1 /INPUT 10 "pix_y";
    .port_info 2 /INPUT 3 "hearts";
    .port_info 3 /INPUT 10 "coins";
    .port_info 4 /INPUT 3 "level";
    .port_info 5 /OUTPUT 1 "px_on";
    .port_info 6 /OUTPUT 2 "px_code";
L_0x7a74658309f0 .functor BUFT 1, C4<0>, C4<0>, C4<0>, C4<0>;
v0x6184c76b2960_0 .net/2u *"_ivl_4", 0 0, L_0x7a74658309f0;  1 drivers
v0x6184c76b2a20_0 .net *"_ivl_6", 36 0, L_0x6184c7905460;  1 drivers
v0x6184c76b2b00_0 .net "_unused", 0 0, L_0x6184c7905550;  1 drivers
o0x7a746587b1a8 .functor BUFZ 10, C4<zzzzzzzzzz>; HiZ drive
v0x6184c76b2ba0_0 .net "coins", 9 0, o0x7a746587b1a8;  0 drivers
o0x7a746587b1d8 .functor BUFZ 3, C4<zzz>; HiZ drive
v0x6184c76b2c80_0 .net "hearts", 2 0, o0x7a746587b1d8;  0 drivers
o0x7a746587b208 .functor BUFZ 3, C4<zzz>; HiZ drive
v0x6184c7727920_0 .net "level", 2 0, o0x7a746587b208;  0 drivers
o0x7a746587b238 .functor BUFZ 10, C4<zzzzzzzzzz>; HiZ drive
v0x6184c7727a00_0 .net "pix_x", 9 0, o0x7a746587b238;  0 drivers
o0x7a746587b268 .functor BUFZ 10, C4<zzzzzzzzzz>; HiZ drive
v0x6184c7727ae0_0 .net "pix_y", 9 0, o0x7a746587b268;  0 drivers
L_0x7a74658309a8 .functor BUFT 1, C4<00>, C4<0>, C4<0>, C4<0>;
v0x6184c7727bc0_0 .net "px_code", 1 0, L_0x7a74658309a8;  1 drivers
L_0x7a7465830960 .functor BUFT 1, C4<0>, C4<0>, C4<0>, C4<0>;
v0x6184c7727ca0_0 .net "px_on", 0 0, L_0x7a7465830960;  1 drivers
LS_0x6184c7905460_0_0 .concat [ 1 3 10 3], L_0x7a74658309f0, o0x7a746587b208, o0x7a746587b1a8, o0x7a746587b1d8;
LS_0x6184c7905460_0_4 .concat [ 10 10 0 0], o0x7a746587b268, o0x7a746587b238;
L_0x6184c7905460 .concat [ 17 20 0 0], LS_0x6184c7905460_0_0, LS_0x6184c7905460_0_4;
L_0x6184c7905550 .reduce/and L_0x6184c7905460;
S_0x6184c77f5140 .scope module, "tt_um_dragonchi" "tt_um_dragonchi" 6 6;
 .timescale 0 0;
    .port_info 0 /INPUT 8 "ui_in";
    .port_info 1 /OUTPUT 8 "uo_out";
    .port_info 2 /INPUT 8 "uio_in";
    .port_info 3 /OUTPUT 8 "uio_out";
    .port_info 4 /OUTPUT 8 "uio_oe";
    .port_info 5 /INPUT 1 "ena";
    .port_info 6 /INPUT 1 "clk";
    .port_info 7 /INPUT 1 "rst_n";
L_0x6184c7905640 .functor NOT 1, v0x6184c78d0a30_0, C4<0>, C4<0>, C4<0>;
L_0x6184c7905700 .functor AND 1, v0x6184c78ef690_0, L_0x6184c7905640, C4<1>, C4<1>;
o0x7a746587b688 .functor BUFZ 1, C4<z>; HiZ drive
L_0x6184c790c930 .functor NOT 1, o0x7a746587b688, C4<0>, C4<0>, C4<0>;
v0x6184c78ebf50_0 .net "B", 1 0, v0x6184c78e3570_0;  1 drivers
v0x6184c78ec060_0 .net "G", 1 0, v0x6184c78e3670_0;  1 drivers
v0x6184c78ec130_0 .net "R", 1 0, v0x6184c78e3750_0;  1 drivers
v0x6184c78ec230_0 .net *"_ivl_0", 0 0, L_0x6184c7905640;  1 drivers
v0x6184c78ec2d0_0 .net *"_ivl_11", 0 0, L_0x6184c790b590;  1 drivers
v0x6184c78ec3b0_0 .net *"_ivl_13", 0 0, L_0x6184c790b680;  1 drivers
v0x6184c78ec490_0 .net *"_ivl_15", 0 0, L_0x6184c790b770;  1 drivers
v0x6184c78ec570_0 .net *"_ivl_17", 0 0, L_0x6184c790b810;  1 drivers
v0x6184c78ec650_0 .net *"_ivl_19", 0 0, L_0x6184c790b8f0;  1 drivers
L_0x7a7465833738 .functor BUFT 1, C4<0>, C4<0>, C4<0>, C4<0>;
v0x6184c78ec7c0_0 .net/2u *"_ivl_28", 0 0, L_0x7a7465833738;  1 drivers
v0x6184c78ec8a0_0 .net *"_ivl_30", 20 0, L_0x6184c791a960;  1 drivers
L_0x7a7465831020 .functor BUFT 1, C4<010>, C4<0>, C4<0>, C4<0>;
v0x6184c78ec980_0 .net/2u *"_ivl_4", 2 0, L_0x7a7465831020;  1 drivers
v0x6184c78eca60_0 .net *"_ivl_9", 0 0, L_0x6184c790b4a0;  1 drivers
v0x6184c78ecb40_0 .net "_unused", 0 0, L_0x6184c791ad70;  1 drivers
v0x6184c78ecc00_0 .net "act_drink", 0 0, v0x6184c78cd870_0;  1 drivers
v0x6184c78ecca0_0 .net "act_feed", 0 0, v0x6184c78cd910_0;  1 drivers
v0x6184c78ecd90_0 .net "act_minigame", 0 0, v0x6184c78cda00_0;  1 drivers
v0x6184c78ece80_0 .net "act_sleep", 0 0, v0x6184c78cdaa0_0;  1 drivers
v0x6184c78ecf70_0 .net "btn_level", 7 0, v0x6184c78c8a50_0;  1 drivers
v0x6184c78ed030_0 .net "btn_pressed", 7 0, v0x6184c78c8af0_0;  1 drivers
v0x6184c78ed0d0_0 .net "chest_frame", 1 0, v0x6184c7669500_0;  1 drivers
v0x6184c78ed1e0_0 .net "chest_outcome", 2 0, v0x6184c78cb6c0_0;  1 drivers
v0x6184c78ed2f0_0 .net "chest_sel", 1 0, v0x6184c78cb780_0;  1 drivers
v0x6184c78ed400_0 .net "chest_state", 1 0, v0x6184c78cb860_0;  1 drivers
o0x7a746587b538 .functor BUFZ 1, C4<z>; HiZ drive
v0x6184c78ed4c0_0 .net "clk", 0 0, o0x7a746587b538;  0 drivers
v0x6184c78ed670_0 .net "coins", 9 0, v0x6184c78ea950_0;  1 drivers
v0x6184c78ed730_0 .net "coins_amount", 9 0, v0x6184c78cc300_0;  1 drivers
v0x6184c78ed7f0_0 .net "combo_len", 1 0, v0x6184c78c6f40_0;  1 drivers
v0x6184c78ed900_0 .net "dragon_bob", 1 0, v0x6184c76697d0_0;  1 drivers
v0x6184c78ed9c0_0 .net "dragon_mood_anim", 2 0, v0x6184c76698b0_0;  1 drivers
o0x7a7465883728 .functor BUFZ 1, C4<z>; HiZ drive
v0x6184c78eda60_0 .net "ena", 0 0, o0x7a7465883728;  0 drivers
v0x6184c78edb20_0 .net "evolve_now", 0 0, L_0x6184c7909d60;  1 drivers
v0x6184c78edbc0_0 .net "flame_frame", 0 0, v0x6184c76b9620_0;  1 drivers
v0x6184c78edec0_0 .net "flash", 0 0, v0x6184c76b9770_0;  1 drivers
v0x6184c78edfb0_0 .net "frame_tick", 0 0, L_0x6184c7905700;  1 drivers
v0x6184c78ee050_0 .net "game_over", 0 0, v0x6184c78eae70_0;  1 drivers
v0x6184c78ee140_0 .net "hearts", 2 0, v0x6184c78eafb0_0;  1 drivers
v0x6184c78ee200_0 .net "hsync", 0 0, v0x6184c78d0710_0;  1 drivers
v0x6184c78ee2a0_0 .net "level", 2 0, v0x6184c78eb0c0_0;  1 drivers
v0x6184c78ee390_0 .net "menu_sel", 2 0, v0x6184c78ce040_0;  1 drivers
v0x6184c78ee4a0_0 .net "minigame_done", 0 0, v0x6184c78cc160_0;  1 drivers
v0x6184c78ee590_0 .net "mode", 2 0, v0x6184c78ce1c0_0;  1 drivers
v0x6184c78ee650_0 .net "overflow", 0 0, v0x6184c78eb220_0;  1 drivers
v0x6184c78ee6f0_0 .net "pix_x", 9 0, v0x6184c78d0630_0;  1 drivers
v0x6184c78ee800_0 .net "pix_y", 9 0, v0x6184c78d0950_0;  1 drivers
v0x6184c78ee910_0 .net "req_coins_add", 0 0, v0x6184c78cc4a0_0;  1 drivers
v0x6184c78eea00_0 .net "req_evolve", 0 0, v0x6184c78ce260_0;  1 drivers
v0x6184c78eeaf0_0 .net "req_heart_gain", 0 0, v0x6184c78c7cf0_0;  1 drivers
v0x6184c78eebe0_0 .net "req_heart_lose", 0 0, v0x6184c78c7db0_0;  1 drivers
v0x6184c78eecd0_0 .net "req_heart_lose_chest", 0 0, v0x6184c78cc540_0;  1 drivers
v0x6184c78eedc0_0 .net "req_sat_down", 0 0, v0x6184c78c7e70_0;  1 drivers
v0x6184c78eeeb0_0 .net "req_sat_up", 0 0, v0x6184c78c7f30_0;  1 drivers
v0x6184c78eefa0_0 .net "restart", 0 0, v0x6184c78ce410_0;  1 drivers
v0x6184c78ef040_0 .net "rst_n", 0 0, o0x7a746587b688;  0 drivers
v0x6184c78ef0e0_0 .net "satisfaction", 2 0, v0x6184c78ebba0_0;  1 drivers
o0x7a746587cb88 .functor BUFZ 8, C4<zzzzzzzz>; HiZ drive
v0x6184c78ef180_0 .net "ui_in", 7 0, o0x7a746587cb88;  0 drivers
o0x7a7465883758 .functor BUFZ 8, C4<zzzzzzzz>; HiZ drive
v0x6184c78ef220_0 .net "uio_in", 7 0, o0x7a7465883758;  0 drivers
L_0x7a74658336f0 .functor BUFT 1, C4<00000000>, C4<0>, C4<0>, C4<0>;
v0x6184c78ef2c0_0 .net "uio_oe", 7 0, L_0x7a74658336f0;  1 drivers
L_0x7a74658336a8 .functor BUFT 1, C4<00000000>, C4<0>, C4<0>, C4<0>;
v0x6184c78ef360_0 .net "uio_out", 7 0, L_0x7a74658336a8;  1 drivers
v0x6184c78ef420_0 .net "uo_out", 7 0, L_0x6184c790b990;  1 drivers
v0x6184c78ef500_0 .net "video_active", 0 0, L_0x6184c790c820;  1 drivers
v0x6184c78ef5f0_0 .net "vsync", 0 0, v0x6184c78d0a30_0;  1 drivers
v0x6184c78ef690_0 .var "vsync_d", 0 0;
v0x6184c78ef730_0 .net "you_win", 0 0, v0x6184c78ebc40_0;  1 drivers
L_0x6184c7909c00 .cmp/eq 3, v0x6184c78ce1c0_0, L_0x7a7465831020;
L_0x6184c790b4a0 .part v0x6184c78e3570_0, 0, 1;
L_0x6184c790b590 .part v0x6184c78e3670_0, 0, 1;
L_0x6184c790b680 .part v0x6184c78e3750_0, 0, 1;
L_0x6184c790b770 .part v0x6184c78e3570_0, 1, 1;
L_0x6184c790b810 .part v0x6184c78e3670_0, 1, 1;
L_0x6184c790b8f0 .part v0x6184c78e3750_0, 1, 1;
LS_0x6184c790b990_0_0 .concat [ 1 1 1 1], L_0x6184c790b8f0, L_0x6184c790b810, L_0x6184c790b770, v0x6184c78d0a30_0;
LS_0x6184c790b990_0_4 .concat [ 1 1 1 1], L_0x6184c790b680, L_0x6184c790b590, L_0x6184c790b4a0, v0x6184c78d0710_0;
L_0x6184c790b990 .concat [ 4 4 0 0], LS_0x6184c790b990_0_0, LS_0x6184c790b990_0_4;
LS_0x6184c791a960_0_0 .concat [ 1 3 8 8], L_0x7a7465833738, v0x6184c78cb6c0_0, v0x6184c78c8a50_0, o0x7a7465883758;
LS_0x6184c791a960_0_4 .concat [ 1 0 0 0], o0x7a7465883728;
L_0x6184c791a960 .concat [ 20 1 0 0], LS_0x6184c791a960_0_0, LS_0x6184c791a960_0_4;
L_0x6184c791ad70 .reduce/and L_0x6184c791a960;
S_0x6184c7798e50 .scope module, "u_anim" "anim" 6 111, 7 10 0, S_0x6184c77f5140;
 .timescale 0 0;
    .port_info 0 /INPUT 1 "clk";
    .port_info 1 /INPUT 1 "rst_n";
    .port_info 2 /INPUT 1 "frame_tick";
    .port_info 3 /INPUT 3 "mode";
    .port_info 4 /INPUT 3 "satisfaction";
    .port_info 5 /INPUT 2 "chest_state";
    .port_info 6 /OUTPUT 2 "dragon_bob";
    .port_info 7 /OUTPUT 3 "dragon_mood_anim";
    .port_info 8 /OUTPUT 2 "chest_frame";
    .port_info 9 /OUTPUT 1 "flash";
    .port_info 10 /OUTPUT 1 "flame_frame";
L_0x7a7465831260 .functor BUFT 1, C4<0>, C4<0>, C4<0>, C4<0>;
v0x6184c7799040_0 .net/2u *"_ivl_0", 0 0, L_0x7a7465831260;  1 drivers
v0x6184c7799140_0 .net *"_ivl_2", 8 0, L_0x6184c790b360;  1 drivers
v0x6184c7799220_0 .net "_unused", 0 0, L_0x6184c790b400;  1 drivers
v0x6184c7669500_0 .var "chest_frame", 1 0;
v0x6184c76695e0_0 .net "chest_state", 1 0, v0x6184c78cb860_0;  alias, 1 drivers
v0x6184c7669710_0 .net "clk", 0 0, o0x7a746587b538;  alias, 0 drivers
v0x6184c76697d0_0 .var "dragon_bob", 1 0;
v0x6184c76698b0_0 .var "dragon_mood_anim", 2 0;
v0x6184c76b9620_0 .var "flame_frame", 0 0;
v0x6184c76b9770_0 .var "flash", 0 0;
v0x6184c76b9830_0 .net "frame_tick", 0 0, L_0x6184c7905700;  alias, 1 drivers
v0x6184c76b98f0_0 .net "mode", 2 0, v0x6184c78ce1c0_0;  alias, 1 drivers
v0x6184c76b99d0_0 .net "rst_n", 0 0, o0x7a746587b688;  alias, 0 drivers
v0x6184c78c3640_0 .net "satisfaction", 2 0, v0x6184c78ebba0_0;  alias, 1 drivers
v0x6184c78c36e0_0 .var "slow", 5 0;
E_0x6184c76b9ca0 .event posedge, v0x6184c7669710_0;
L_0x6184c790b360 .concat [ 1 2 3 3], L_0x7a7465831260, v0x6184c78cb860_0, v0x6184c78ebba0_0, v0x6184c78ce1c0_0;
L_0x6184c790b400 .reduce/and L_0x6184c790b360;
S_0x6184c78c3780 .scope module, "u_balance" "balance" 6 65, 8 5 0, S_0x6184c77f5140;
 .timescale 0 0;
    .port_info 0 /INPUT 1 "clk";
    .port_info 1 /INPUT 1 "rst_n";
    .port_info 2 /INPUT 1 "frame_tick";
    .port_info 3 /INPUT 1 "restart";
    .port_info 4 /INPUT 1 "act_feed";
    .port_info 5 /INPUT 1 "act_drink";
    .port_info 6 /INPUT 1 "act_sleep";
    .port_info 7 /INPUT 1 "act_minigame";
    .port_info 8 /INPUT 3 "satisfaction";
    .port_info 9 /OUTPUT 1 "req_heart_gain";
    .port_info 10 /OUTPUT 1 "req_heart_lose";
    .port_info 11 /OUTPUT 1 "req_sat_up";
    .port_info 12 /OUTPUT 1 "req_sat_down";
    .port_info 13 /OUTPUT 2 "combo_len";
P_0x6184c78c3910 .param/l "A_DRINK" 1 8 28, C4<10>;
P_0x6184c78c3950 .param/l "A_FEED" 1 8 27, C4<01>;
P_0x6184c78c3990 .param/l "A_MINIGAME" 1 8 26, C4<00>;
P_0x6184c78c39d0 .param/l "A_SLEEP" 1 8 29, C4<11>;
L_0x6184c7905ae0 .functor OR 1, v0x6184c78cd910_0, v0x6184c78cd870_0, C4<0>, C4<0>;
L_0x6184c7905b50 .functor OR 1, L_0x6184c7905ae0, v0x6184c78cdaa0_0, C4<0>, C4<0>;
L_0x6184c7905c10 .functor OR 1, L_0x6184c7905b50, v0x6184c78cda00_0, C4<0>, C4<0>;
L_0x6184c7906460 .functor AND 1, L_0x6184c79062d0, L_0x6184c7906370, C4<1>, C4<1>;
L_0x6184c79065c0 .functor AND 1, L_0x6184c7906460, L_0x6184c7906520, C4<1>, C4<1>;
L_0x6184c7906860 .functor AND 1, L_0x6184c79065c0, L_0x6184c79066d0, C4<1>, C4<1>;
L_0x6184c7906a60 .functor AND 1, L_0x6184c7906860, L_0x6184c7906970, C4<1>, C4<1>;
L_0x6184c7906c70 .functor AND 1, L_0x6184c7906a60, L_0x6184c7906b70, C4<1>, C4<1>;
L_0x6184c7906fd0 .functor OR 1, L_0x6184c7906d80, L_0x6184c7906e70, C4<0>, C4<0>;
L_0x6184c7907180 .functor OR 1, L_0x6184c7906fd0, L_0x6184c7907090, C4<0>, C4<0>;
L_0x6184c7906f60 .functor OR 1, L_0x6184c7907180, L_0x6184c79072f0, C4<0>, C4<0>;
L_0x6184c7907390 .functor OR 4, L_0x6184c79074b0, L_0x6184c7907630, C4<0000>, C4<0000>;
L_0x6184c7907a30 .functor OR 4, L_0x6184c7907390, L_0x6184c79078b0, C4<0000>, C4<0000>;
v0x6184c78c3cb0_0 .net *"_ivl_0", 0 0, L_0x6184c7905ae0;  1 drivers
L_0x7a7465830b58 .functor BUFT 1, C4<11>, C4<0>, C4<0>, C4<0>;
v0x6184c78c3db0_0 .net/2u *"_ivl_10", 1 0, L_0x7a7465830b58;  1 drivers
v0x6184c78c3e90_0 .net *"_ivl_102", 0 0, L_0x6184c7907af0;  1 drivers
v0x6184c78c3f50_0 .net *"_ivl_103", 2 0, L_0x6184c7907c80;  1 drivers
L_0x7a7465830e70 .functor BUFT 1, C4<00>, C4<0>, C4<0>, C4<0>;
v0x6184c78c4030_0 .net/2u *"_ivl_105", 1 0, L_0x7a7465830e70;  1 drivers
v0x6184c78c4160_0 .net *"_ivl_108", 0 0, L_0x6184c7907d70;  1 drivers
v0x6184c78c4240_0 .net *"_ivl_109", 2 0, L_0x6184c7907be0;  1 drivers
v0x6184c78c4320_0 .net *"_ivl_111", 2 0, L_0x6184c7907f60;  1 drivers
L_0x7a7465830eb8 .functor BUFT 1, C4<00>, C4<0>, C4<0>, C4<0>;
v0x6184c78c4400_0 .net/2u *"_ivl_113", 1 0, L_0x7a7465830eb8;  1 drivers
v0x6184c78c4570_0 .net *"_ivl_116", 0 0, L_0x6184c7907e10;  1 drivers
v0x6184c78c4650_0 .net *"_ivl_117", 2 0, L_0x6184c7908260;  1 drivers
v0x6184c78c4730_0 .net *"_ivl_119", 2 0, L_0x6184c7908110;  1 drivers
L_0x7a7465830ba0 .functor BUFT 1, C4<00>, C4<0>, C4<0>, C4<0>;
v0x6184c78c4810_0 .net/2u *"_ivl_12", 1 0, L_0x7a7465830ba0;  1 drivers
L_0x7a7465830f00 .functor BUFT 1, C4<00>, C4<0>, C4<0>, C4<0>;
v0x6184c78c48f0_0 .net/2u *"_ivl_121", 1 0, L_0x7a7465830f00;  1 drivers
v0x6184c78c49d0_0 .net *"_ivl_124", 0 0, L_0x6184c79084c0;  1 drivers
v0x6184c78c4ab0_0 .net *"_ivl_125", 2 0, L_0x6184c7908350;  1 drivers
L_0x7a7465830be8 .functor BUFT 1, C4<00>, C4<0>, C4<0>, C4<0>;
v0x6184c78c4b90_0 .net/2u *"_ivl_14", 1 0, L_0x7a7465830be8;  1 drivers
v0x6184c78c4d80_0 .net *"_ivl_16", 1 0, L_0x6184c7905cd0;  1 drivers
v0x6184c78c4e60_0 .net *"_ivl_18", 1 0, L_0x6184c7905e50;  1 drivers
v0x6184c78c4f40_0 .net *"_ivl_2", 0 0, L_0x6184c7905b50;  1 drivers
v0x6184c78c5020_0 .net *"_ivl_20", 1 0, L_0x6184c7905fd0;  1 drivers
v0x6184c78c5100_0 .net *"_ivl_26", 0 0, L_0x6184c79062d0;  1 drivers
v0x6184c78c51c0_0 .net *"_ivl_30", 0 0, L_0x6184c7906370;  1 drivers
v0x6184c78c5280_0 .net *"_ivl_33", 0 0, L_0x6184c7906460;  1 drivers
v0x6184c78c5340_0 .net *"_ivl_36", 0 0, L_0x6184c7906520;  1 drivers
v0x6184c78c5400_0 .net *"_ivl_39", 0 0, L_0x6184c79065c0;  1 drivers
v0x6184c78c54c0_0 .net *"_ivl_42", 0 0, L_0x6184c79066d0;  1 drivers
v0x6184c78c5580_0 .net *"_ivl_45", 0 0, L_0x6184c7906860;  1 drivers
v0x6184c78c5640_0 .net *"_ivl_48", 0 0, L_0x6184c7906970;  1 drivers
v0x6184c78c5700_0 .net *"_ivl_51", 0 0, L_0x6184c7906a60;  1 drivers
v0x6184c78c57c0_0 .net *"_ivl_54", 0 0, L_0x6184c7906b70;  1 drivers
L_0x7a7465830c30 .functor BUFT 1, C4<000>, C4<0>, C4<0>, C4<0>;
v0x6184c78c5880_0 .net/2u *"_ivl_58", 2 0, L_0x7a7465830c30;  1 drivers
L_0x7a7465830ac8 .functor BUFT 1, C4<01>, C4<0>, C4<0>, C4<0>;
v0x6184c78c5960_0 .net/2u *"_ivl_6", 1 0, L_0x7a7465830ac8;  1 drivers
v0x6184c78c5a40_0 .net *"_ivl_60", 0 0, L_0x6184c7906d80;  1 drivers
L_0x7a7465830c78 .functor BUFT 1, C4<000>, C4<0>, C4<0>, C4<0>;
v0x6184c78c5b00_0 .net/2u *"_ivl_62", 2 0, L_0x7a7465830c78;  1 drivers
v0x6184c78c5be0_0 .net *"_ivl_64", 0 0, L_0x6184c7906e70;  1 drivers
v0x6184c78c5ca0_0 .net *"_ivl_67", 0 0, L_0x6184c7906fd0;  1 drivers
L_0x7a7465830cc0 .functor BUFT 1, C4<000>, C4<0>, C4<0>, C4<0>;
v0x6184c78c5d60_0 .net/2u *"_ivl_68", 2 0, L_0x7a7465830cc0;  1 drivers
v0x6184c78c5e40_0 .net *"_ivl_70", 0 0, L_0x6184c7907090;  1 drivers
v0x6184c78c5f00_0 .net *"_ivl_73", 0 0, L_0x6184c7907180;  1 drivers
L_0x7a7465830d08 .functor BUFT 1, C4<000>, C4<0>, C4<0>, C4<0>;
v0x6184c78c5fc0_0 .net/2u *"_ivl_74", 2 0, L_0x7a7465830d08;  1 drivers
v0x6184c78c60a0_0 .net *"_ivl_76", 0 0, L_0x6184c79072f0;  1 drivers
L_0x7a7465830b10 .functor BUFT 1, C4<10>, C4<0>, C4<0>, C4<0>;
v0x6184c78c6160_0 .net/2u *"_ivl_8", 1 0, L_0x7a7465830b10;  1 drivers
L_0x7a7465830d50 .functor BUFT 1, C4<0001>, C4<0>, C4<0>, C4<0>;
v0x6184c78c6240_0 .net/2u *"_ivl_80", 3 0, L_0x7a7465830d50;  1 drivers
v0x6184c78c6320_0 .net *"_ivl_83", 3 0, L_0x6184c79074b0;  1 drivers
L_0x7a7465830d98 .functor BUFT 1, C4<0001>, C4<0>, C4<0>, C4<0>;
v0x6184c78c6400_0 .net/2u *"_ivl_85", 3 0, L_0x7a7465830d98;  1 drivers
v0x6184c78c64e0_0 .net *"_ivl_88", 3 0, L_0x6184c7907630;  1 drivers
v0x6184c78c65c0_0 .net *"_ivl_90", 3 0, L_0x6184c7907390;  1 drivers
L_0x7a7465830de0 .functor BUFT 1, C4<0001>, C4<0>, C4<0>, C4<0>;
v0x6184c78c66a0_0 .net/2u *"_ivl_92", 3 0, L_0x7a7465830de0;  1 drivers
v0x6184c78c6780_0 .net *"_ivl_95", 3 0, L_0x6184c79078b0;  1 drivers
L_0x7a7465830e28 .functor BUFT 1, C4<00>, C4<0>, C4<0>, C4<0>;
v0x6184c78c6860_0 .net/2u *"_ivl_99", 1 0, L_0x7a7465830e28;  1 drivers
v0x6184c78c6940_0 .net "act_drink", 0 0, v0x6184c78cd870_0;  alias, 1 drivers
v0x6184c78c6a00_0 .net "act_feed", 0 0, v0x6184c78cd910_0;  alias, 1 drivers
v0x6184c78c6ac0_0 .var "act_latched", 0 0;
v0x6184c78c6b80_0 .net "act_minigame", 0 0, v0x6184c78cda00_0;  alias, 1 drivers
v0x6184c78c6c40_0 .net "act_sleep", 0 0, v0x6184c78cdaa0_0;  alias, 1 drivers
v0x6184c78c6d00_0 .var "actions_count", 2 0;
v0x6184c78c6de0_0 .net "any_act_in", 0 0, L_0x6184c7905c10;  1 drivers
v0x6184c78c6ea0_0 .net "clk", 0 0, o0x7a746587b538;  alias, 0 drivers
v0x6184c78c6f40_0 .var "combo_len", 1 0;
v0x6184c78c7000_0 .var "count_00", 2 0;
v0x6184c78c70e0_0 .var "count_01", 2 0;
v0x6184c78c71c0_0 .var "count_10", 2 0;
v0x6184c78c72a0_0 .var "count_11", 2 0;
v0x6184c78c7380_0 .net "frame_tick", 0 0, L_0x6184c7905700;  alias, 1 drivers
v0x6184c78c7830 .array "history", 5 0, 1 0;
v0x6184c78c7990_0 .var/i "idx", 31 0;
v0x6184c78c7a70_0 .var "latched_action", 1 0;
v0x6184c78c7b50_0 .net "missing_an_action", 0 0, L_0x6184c7906f60;  1 drivers
v0x6184c78c7c10_0 .net "num_unique_3", 2 0, L_0x6184c79086e0;  1 drivers
v0x6184c78c7cf0_0 .var "req_heart_gain", 0 0;
v0x6184c78c7db0_0 .var "req_heart_lose", 0 0;
v0x6184c78c7e70_0 .var "req_sat_down", 0 0;
v0x6184c78c7f30_0 .var "req_sat_up", 0 0;
v0x6184c78c7ff0_0 .net "restart", 0 0, v0x6184c78ce410_0;  alias, 1 drivers
v0x6184c78c80b0_0 .net "rst_n", 0 0, o0x7a746587b688;  alias, 0 drivers
v0x6184c78c8150_0 .net "satisfaction", 2 0, v0x6184c78ebba0_0;  alias, 1 drivers
v0x6184c78c8210_0 .net "seen_recent", 3 0, L_0x6184c7907a30;  1 drivers
v0x6184c78c82f0_0 .net "this_act_in", 1 0, L_0x6184c7906150;  1 drivers
v0x6184c78c83d0_0 .net "unique_last_4", 0 0, L_0x6184c7906c70;  1 drivers
E_0x6184c76baa10 .event anyedge, v0x6184c78c83d0_0, v0x6184c78c7c10_0;
v0x6184c78c7830_0 .array/port v0x6184c78c7830, 0;
v0x6184c78c7830_1 .array/port v0x6184c78c7830, 1;
v0x6184c78c7830_2 .array/port v0x6184c78c7830, 2;
E_0x6184c76bc630/0 .event anyedge, v0x6184c78c6d00_0, v0x6184c78c7830_0, v0x6184c78c7830_1, v0x6184c78c7830_2;
v0x6184c78c7830_3 .array/port v0x6184c78c7830, 3;
v0x6184c78c7830_4 .array/port v0x6184c78c7830, 4;
v0x6184c78c7830_5 .array/port v0x6184c78c7830, 5;
E_0x6184c76bc630/1 .event anyedge, v0x6184c78c7830_3, v0x6184c78c7830_4, v0x6184c78c7830_5;
E_0x6184c76bc630 .event/or E_0x6184c76bc630/0, E_0x6184c76bc630/1;
L_0x6184c7905cd0 .functor MUXZ 2, L_0x7a7465830be8, L_0x7a7465830ba0, v0x6184c78cda00_0, C4<>;
L_0x6184c7905e50 .functor MUXZ 2, L_0x6184c7905cd0, L_0x7a7465830b58, v0x6184c78cdaa0_0, C4<>;
L_0x6184c7905fd0 .functor MUXZ 2, L_0x6184c7905e50, L_0x7a7465830b10, v0x6184c78cd870_0, C4<>;
L_0x6184c7906150 .functor MUXZ 2, L_0x6184c7905fd0, L_0x7a7465830ac8, v0x6184c78cd910_0, C4<>;
L_0x6184c79062d0 .cmp/ne 2, v0x6184c78c7830_0, v0x6184c78c7830_1;
L_0x6184c7906370 .cmp/ne 2, v0x6184c78c7830_0, v0x6184c78c7830_2;
L_0x6184c7906520 .cmp/ne 2, v0x6184c78c7830_0, v0x6184c78c7830_3;
L_0x6184c79066d0 .cmp/ne 2, v0x6184c78c7830_1, v0x6184c78c7830_2;
L_0x6184c7906970 .cmp/ne 2, v0x6184c78c7830_1, v0x6184c78c7830_3;
L_0x6184c7906b70 .cmp/ne 2, v0x6184c78c7830_2, v0x6184c78c7830_3;
L_0x6184c7906d80 .cmp/eq 3, v0x6184c78c7000_0, L_0x7a7465830c30;
L_0x6184c7906e70 .cmp/eq 3, v0x6184c78c70e0_0, L_0x7a7465830c78;
L_0x6184c7907090 .cmp/eq 3, v0x6184c78c71c0_0, L_0x7a7465830cc0;
L_0x6184c79072f0 .cmp/eq 3, v0x6184c78c72a0_0, L_0x7a7465830d08;
L_0x6184c79074b0 .shift/l 4, L_0x7a7465830d50, v0x6184c78c7830_0;
L_0x6184c7907630 .shift/l 4, L_0x7a7465830d98, v0x6184c78c7830_1;
L_0x6184c79078b0 .shift/l 4, L_0x7a7465830de0, v0x6184c78c7830_2;
L_0x6184c7907af0 .part L_0x6184c7907a30, 0, 1;
L_0x6184c7907c80 .concat [ 1 2 0 0], L_0x6184c7907af0, L_0x7a7465830e28;
L_0x6184c7907d70 .part L_0x6184c7907a30, 1, 1;
L_0x6184c7907be0 .concat [ 1 2 0 0], L_0x6184c7907d70, L_0x7a7465830e70;
L_0x6184c7907f60 .arith/sum 3, L_0x6184c7907c80, L_0x6184c7907be0;
L_0x6184c7907e10 .part L_0x6184c7907a30, 2, 1;
L_0x6184c7908260 .concat [ 1 2 0 0], L_0x6184c7907e10, L_0x7a7465830eb8;
L_0x6184c7908110 .arith/sum 3, L_0x6184c7907f60, L_0x6184c7908260;
L_0x6184c79084c0 .part L_0x6184c7907a30, 3, 1;
L_0x6184c7908350 .concat [ 1 2 0 0], L_0x6184c79084c0, L_0x7a7465830f00;
L_0x6184c79086e0 .arith/sum 3, L_0x6184c7908110, L_0x6184c7908350;
S_0x6184c78c86d0 .scope module, "u_buttons" "buttons" 6 41, 9 7 0, S_0x6184c77f5140;
 .timescale 0 0;
    .port_info 0 /INPUT 1 "clk";
    .port_info 1 /INPUT 1 "rst_n";
    .port_info 2 /INPUT 8 "raw";
    .port_info 3 /OUTPUT 8 "level";
    .port_info 4 /OUTPUT 8 "pressed";
L_0x7a7465830a38 .functor BUFT 1, C4<111111111111111>, C4<0>, C4<0>, C4<0>;
v0x6184c78c8860_0 .net/2u *"_ivl_0", 14 0, L_0x7a7465830a38;  1 drivers
v0x6184c78c8940_0 .net "clk", 0 0, o0x7a746587b538;  alias, 0 drivers
v0x6184c78c8a50_0 .var "level", 7 0;
v0x6184c78c8af0_0 .var "pressed", 7 0;
v0x6184c78c8bd0_0 .net "raw", 7 0, o0x7a746587cb88;  alias, 0 drivers
v0x6184c78c8d00_0 .net "rst_n", 0 0, o0x7a746587b688;  alias, 0 drivers
v0x6184c78c8df0_0 .var "sync0", 7 0;
v0x6184c78c8ed0_0 .var "sync1", 7 0;
v0x6184c78c8fb0_0 .net "tick", 0 0, L_0x6184c79057c0;  1 drivers
v0x6184c78c9070_0 .var "tick_cnt", 14 0;
L_0x6184c79057c0 .cmp/eq 15, v0x6184c78c9070_0, L_0x7a7465830a38;
S_0x6184c78c91f0 .scope module, "u_chest_game" "chest_game" 6 78, 10 19 0, S_0x6184c77f5140;
 .timescale 0 0;
    .port_info 0 /INPUT 1 "clk";
    .port_info 1 /INPUT 1 "rst_n";
    .port_info 2 /INPUT 1 "frame_tick";
    .port_info 3 /INPUT 1 "active";
    .port_info 4 /INPUT 8 "btn_pressed";
    .port_info 5 /OUTPUT 2 "chest_state";
    .port_info 6 /OUTPUT 2 "chest_sel";
    .port_info 7 /OUTPUT 3 "chest_outcome";
    .port_info 8 /OUTPUT 1 "req_coins_add";
    .port_info 9 /OUTPUT 10 "pot_payout";
    .port_info 10 /OUTPUT 1 "req_heart_lose_chest";
    .port_info 11 /OUTPUT 1 "minigame_done";
P_0x6184c78c9380 .param/l "C_MENU" 1 10 35, C4<11>;
P_0x6184c78c93c0 .param/l "C_OPEN" 1 10 35, C4<01>;
P_0x6184c78c9400 .param/l "C_PICK" 1 10 35, C4<00>;
P_0x6184c78c9440 .param/l "C_RESULT" 1 10 35, C4<10>;
P_0x6184c78c9480 .param/l "O_2X" 1 10 39, C4<001>;
P_0x6184c78c94c0 .param/l "O_BOMB" 1 10 41, C4<011>;
P_0x6184c78c9500 .param/l "O_BOMB2" 1 10 42, C4<100>;
P_0x6184c78c9540 .param/l "O_COIN" 1 10 38, C4<000>;
P_0x6184c78c9580 .param/l "O_CURSED" 1 10 40, C4<010>;
L_0x7a7465830f48 .functor BUFT 1, C4<110>, C4<0>, C4<0>, C4<0>;
v0x6184c78caf10_0 .net/2u *"_ivl_0", 2 0, L_0x7a7465830f48;  1 drivers
L_0x7a7465830fd8 .functor BUFT 1, C4<0>, C4<0>, C4<0>, C4<0>;
v0x6184c78cb010_0 .net/2u *"_ivl_13", 0 0, L_0x7a7465830fd8;  1 drivers
v0x6184c78cb0f0_0 .net *"_ivl_15", 17 0, L_0x6184c79099c0;  1 drivers
v0x6184c78cb1b0_0 .net *"_ivl_2", 0 0, L_0x6184c79095f0;  1 drivers
L_0x7a7465830f90 .functor BUFT 1, C4<110>, C4<0>, C4<0>, C4<0>;
v0x6184c78cb270_0 .net/2u *"_ivl_4", 2 0, L_0x7a7465830f90;  1 drivers
v0x6184c78cb3a0_0 .net *"_ivl_6", 2 0, L_0x6184c79096e0;  1 drivers
v0x6184c78cb480_0 .net "_unused", 0 0, L_0x6184c7909ae0;  1 drivers
v0x6184c78cb540_0 .net "active", 0 0, L_0x6184c7909c00;  1 drivers
v0x6184c78cb600_0 .net "btn_pressed", 7 0, v0x6184c78c8af0_0;  alias, 1 drivers
v0x6184c78cb6c0_0 .var "chest_outcome", 2 0;
v0x6184c78cb780_0 .var "chest_sel", 1 0;
v0x6184c78cb860_0 .var "chest_state", 1 0;
v0x6184c78cb920_0 .net "clk", 0 0, o0x7a746587b538;  alias, 0 drivers
v0x6184c78cba50 .array "contents", 2 0, 2 0;
v0x6184c78cbb70_0 .var "dealt", 0 0;
v0x6184c78cbc30_0 .net "frame_tick", 0 0, L_0x6184c7905700;  alias, 1 drivers
v0x6184c78cbcd0_0 .var/i "i", 31 0;
v0x6184c78cbec0_0 .var "itemA", 2 0;
v0x6184c78cbfa0_0 .var "itemB", 2 0;
v0x6184c78cc080_0 .var "itemC", 2 0;
v0x6184c78cc160_0 .var "minigame_done", 0 0;
v0x6184c78cc220_0 .var "pot", 9 0;
v0x6184c78cc300_0 .var "pot_payout", 9 0;
v0x6184c78cc3e0_0 .net "random_3bit", 2 0, L_0x6184c7909500;  1 drivers
v0x6184c78cc4a0_0 .var "req_coins_add", 0 0;
v0x6184c78cc540_0 .var "req_heart_lose_chest", 0 0;
v0x6184c78cc600_0 .var "reward", 7 0;
v0x6184c78cc6e0_0 .var "round", 3 0;
v0x6184c78cc7c0_0 .net "rst_n", 0 0, o0x7a746587b688;  alias, 0 drivers
v0x6184c78cc860_0 .net "safe_random", 2 0, L_0x6184c7909880;  1 drivers
v0x6184c78cc940_0 .var "timer", 7 0;
E_0x6184c78c2b50 .event anyedge, v0x6184c78cc6e0_0;
L_0x6184c79095f0 .cmp/ge 3, L_0x6184c7909500, L_0x7a7465830f48;
L_0x6184c79096e0 .arith/sub 3, L_0x6184c7909500, L_0x7a7465830f90;
L_0x6184c7909880 .functor MUXZ 3, L_0x6184c7909500, L_0x6184c79096e0, L_0x6184c79095f0, C4<>;
v0x6184c78cba50_2 .array/port v0x6184c78cba50, 2;
v0x6184c78cba50_1 .array/port v0x6184c78cba50, 1;
v0x6184c78cba50_0 .array/port v0x6184c78cba50, 0;
LS_0x6184c79099c0_0_0 .concat [ 1 3 3 3], L_0x7a7465830fd8, v0x6184c78cba50_2, v0x6184c78cba50_1, v0x6184c78cba50_0;
LS_0x6184c79099c0_0_4 .concat [ 8 0 0 0], v0x6184c78c8af0_0;
L_0x6184c79099c0 .concat [ 10 8 0 0], LS_0x6184c79099c0_0_0, LS_0x6184c79099c0_0_4;
L_0x6184c7909ae0 .reduce/and L_0x6184c79099c0;
S_0x6184c78c9b30 .scope module, "my_rng_chip" "dual_lfsr" 10 46, 11 3 0, S_0x6184c78c91f0;
 .timescale 0 0;
    .port_info 0 /INPUT 1 "clk";
    .port_info 1 /INPUT 1 "rst_n";
    .port_info 2 /INPUT 1 "frame_tick";
    .port_info 3 /OUTPUT 3 "rand_val";
L_0x6184c7908000 .functor XOR 1, L_0x6184c7908560, L_0x6184c7908910, C4<0>, C4<0>;
L_0x6184c7908b40 .functor XOR 1, L_0x6184c7908000, L_0x6184c7908aa0, C4<0>, C4<0>;
L_0x6184c7908d80 .functor XOR 1, L_0x6184c7908b40, L_0x6184c7908c50, C4<0>, C4<0>;
L_0x6184c7908fd0 .functor XOR 1, L_0x6184c7908e40, L_0x6184c7908ee0, C4<0>, C4<0>;
L_0x6184c7909180 .functor XOR 1, L_0x6184c7908fd0, L_0x6184c79090e0, C4<0>, C4<0>;
L_0x6184c7909440 .functor XOR 1, L_0x6184c7909180, L_0x6184c79092c0, C4<0>, C4<0>;
v0x6184c78c9d30_0 .net *"_ivl_1", 0 0, L_0x6184c7908560;  1 drivers
v0x6184c78c9e30_0 .net *"_ivl_11", 0 0, L_0x6184c7908c50;  1 drivers
v0x6184c78c9f10_0 .net *"_ivl_15", 0 0, L_0x6184c7908e40;  1 drivers
v0x6184c78c9fd0_0 .net *"_ivl_17", 0 0, L_0x6184c7908ee0;  1 drivers
v0x6184c78ca0b0_0 .net *"_ivl_18", 0 0, L_0x6184c7908fd0;  1 drivers
v0x6184c78ca1e0_0 .net *"_ivl_21", 0 0, L_0x6184c79090e0;  1 drivers
v0x6184c78ca2c0_0 .net *"_ivl_22", 0 0, L_0x6184c7909180;  1 drivers
v0x6184c78ca3a0_0 .net *"_ivl_25", 0 0, L_0x6184c79092c0;  1 drivers
v0x6184c78ca480_0 .net *"_ivl_3", 0 0, L_0x6184c7908910;  1 drivers
v0x6184c78ca5f0_0 .net *"_ivl_4", 0 0, L_0x6184c7908000;  1 drivers
v0x6184c78ca6d0_0 .net *"_ivl_7", 0 0, L_0x6184c7908aa0;  1 drivers
v0x6184c78ca7b0_0 .net *"_ivl_8", 0 0, L_0x6184c7908b40;  1 drivers
v0x6184c78ca890_0 .net "clk", 0 0, o0x7a746587b538;  alias, 0 drivers
v0x6184c78ca930_0 .net "feedback_a", 0 0, L_0x6184c7908d80;  1 drivers
v0x6184c78ca9f0_0 .net "feedback_b", 0 0, L_0x6184c7909440;  1 drivers
v0x6184c78caab0_0 .net "frame_tick", 0 0, L_0x6184c7905700;  alias, 1 drivers
v0x6184c78cab50_0 .var "lfsr_a", 15 0;
v0x6184c78cac30_0 .var "lfsr_b", 15 0;
v0x6184c78cad10_0 .net "rand_val", 2 0, L_0x6184c7909500;  alias, 1 drivers
v0x6184c78cadf0_0 .net "rst_n", 0 0, o0x7a746587b688;  alias, 0 drivers
L_0x6184c7908560 .part v0x6184c78cab50_0, 15, 1;
L_0x6184c7908910 .part v0x6184c78cab50_0, 13, 1;
L_0x6184c7908aa0 .part v0x6184c78cab50_0, 12, 1;
L_0x6184c7908c50 .part v0x6184c78cab50_0, 10, 1;
L_0x6184c7908e40 .part v0x6184c78cac30_0, 15, 1;
L_0x6184c7908ee0 .part v0x6184c78cac30_0, 14, 1;
L_0x6184c79090e0 .part v0x6184c78cac30_0, 12, 1;
L_0x6184c79092c0 .part v0x6184c78cac30_0, 3, 1;
L_0x6184c7909500 .part v0x6184c78cac30_0, 0, 3;
S_0x6184c78ccba0 .scope module, "u_home" "home" 6 53, 12 14 0, S_0x6184c77f5140;
 .timescale 0 0;
    .port_info 0 /INPUT 1 "clk";
    .port_info 1 /INPUT 1 "rst_n";
    .port_info 2 /INPUT 1 "frame_tick";
    .port_info 3 /INPUT 8 "btn_pressed";
    .port_info 4 /INPUT 1 "game_over";
    .port_info 5 /INPUT 1 "you_win";
    .port_info 6 /INPUT 1 "minigame_done";
    .port_info 7 /INPUT 10 "coins";
    .port_info 8 /OUTPUT 3 "mode";
    .port_info 9 /OUTPUT 3 "menu_sel";
    .port_info 10 /OUTPUT 1 "act_feed";
    .port_info 11 /OUTPUT 1 "act_drink";
    .port_info 12 /OUTPUT 1 "act_sleep";
    .port_info 13 /OUTPUT 1 "act_minigame";
    .port_info 14 /OUTPUT 1 "req_evolve";
    .port_info 15 /OUTPUT 1 "restart";
P_0x6184c78ccd30 .param/l "BTN_DRINK" 1 12 42, C4<101>;
P_0x6184c78ccd70 .param/l "BTN_EVOLVE" 1 12 40, C4<001>;
P_0x6184c78ccdb0 .param/l "BTN_FEED" 1 12 41, C4<100>;
P_0x6184c78ccdf0 .param/l "BTN_PLAY" 1 12 44, C4<111>;
P_0x6184c78cce30 .param/l "BTN_SLEEP" 1 12 43, C4<110>;
P_0x6184c78cce70 .param/l "M_CHEST" 1 12 35, C4<010>;
P_0x6184c78cceb0 .param/l "M_GAMEOVER" 1 12 36, C4<011>;
P_0x6184c78ccef0 .param/l "M_HOME" 1 12 34, C4<001>;
P_0x6184c78ccf30 .param/l "M_TITLE" 1 12 33, C4<000>;
P_0x6184c78ccf70 .param/l "M_YOU_WIN" 1 12 37, C4<100>;
L_0x7a7465830a80 .functor BUFT 1, C4<0>, C4<0>, C4<0>, C4<0>;
v0x6184c78cd610_0 .net/2u *"_ivl_2", 0 0, L_0x7a7465830a80;  1 drivers
v0x6184c78cd6f0_0 .net *"_ivl_4", 10 0, L_0x6184c7905950;  1 drivers
v0x6184c78cd7d0_0 .net "_unused", 0 0, L_0x6184c79059f0;  1 drivers
v0x6184c78cd870_0 .var "act_drink", 0 0;
v0x6184c78cd910_0 .var "act_feed", 0 0;
v0x6184c78cda00_0 .var "act_minigame", 0 0;
v0x6184c78cdaa0_0 .var "act_sleep", 0 0;
v0x6184c78cdb40_0 .net "any_btn", 0 0, L_0x6184c79058b0;  1 drivers
v0x6184c78cdbe0_0 .net "btn_pressed", 7 0, v0x6184c78c8af0_0;  alias, 1 drivers
v0x6184c78cdd10_0 .net "clk", 0 0, o0x7a746587b538;  alias, 0 drivers
v0x6184c78cddb0_0 .net "coins", 9 0, v0x6184c78ea950_0;  alias, 1 drivers
v0x6184c78cde50_0 .net "frame_tick", 0 0, L_0x6184c7905700;  alias, 1 drivers
v0x6184c78cdf80_0 .net "game_over", 0 0, v0x6184c78eae70_0;  alias, 1 drivers
v0x6184c78ce040_0 .var "menu_sel", 2 0;
v0x6184c78ce120_0 .net "minigame_done", 0 0, v0x6184c78cc160_0;  alias, 1 drivers
v0x6184c78ce1c0_0 .var "mode", 2 0;
v0x6184c78ce260_0 .var "req_evolve", 0 0;
v0x6184c78ce410_0 .var "restart", 0 0;
v0x6184c78ce4b0_0 .net "rst_n", 0 0, o0x7a746587b688;  alias, 0 drivers
v0x6184c78ce550_0 .net "you_win", 0 0, v0x6184c78ebc40_0;  alias, 1 drivers
L_0x6184c79058b0 .reduce/or v0x6184c78c8af0_0;
L_0x6184c7905950 .concat [ 1 10 0 0], L_0x7a7465830a80, v0x6184c78ea950_0;
L_0x6184c79059f0 .reduce/and L_0x6184c7905950;
S_0x6184c78ce7f0 .scope module, "u_hvsync" "hvsync_generator" 6 120, 13 12 0, S_0x6184c77f5140;
 .timescale 0 0;
    .port_info 0 /INPUT 1 "clk";
    .port_info 1 /INPUT 1 "reset";
    .port_info 2 /OUTPUT 1 "hsync";
    .port_info 3 /OUTPUT 1 "vsync";
    .port_info 4 /OUTPUT 1 "display_on";
    .port_info 5 /OUTPUT 10 "hpos";
    .port_info 6 /OUTPUT 10 "vpos";
P_0x6184c78ce980 .param/l "H_BACK" 0 13 24, +C4<00000000000000000000000000110000>;
P_0x6184c78ce9c0 .param/l "H_DISPLAY" 0 13 23, +C4<00000000000000000000001010000000>;
P_0x6184c78cea00 .param/l "H_FRONT" 0 13 25, +C4<00000000000000000000000000010000>;
P_0x6184c78cea40 .param/l "H_MAX" 0 13 35, +C4<000000000000000000000000001100011111>;
P_0x6184c78cea80 .param/l "H_SYNC" 0 13 26, +C4<00000000000000000000000001100000>;
P_0x6184c78ceac0 .param/l "H_SYNC_END" 0 13 34, +C4<00000000000000000000000001011101111>;
P_0x6184c78ceb00 .param/l "H_SYNC_START" 0 13 33, +C4<000000000000000000000001010010000>;
P_0x6184c78ceb40 .param/l "V_BOTTOM" 0 13 30, +C4<00000000000000000000000000001010>;
P_0x6184c78ceb80 .param/l "V_DISPLAY" 0 13 28, +C4<00000000000000000000000111100000>;
P_0x6184c78cebc0 .param/l "V_MAX" 0 13 38, +C4<000000000000000000000000001000001100>;
P_0x6184c78cec00 .param/l "V_SYNC" 0 13 31, +C4<00000000000000000000000000000010>;
P_0x6184c78cec40 .param/l "V_SYNC_END" 0 13 37, +C4<00000000000000000000000000111101011>;
P_0x6184c78cec80 .param/l "V_SYNC_START" 0 13 36, +C4<000000000000000000000000111101010>;
P_0x6184c78cecc0 .param/l "V_TOP" 0 13 29, +C4<00000000000000000000000000100001>;
L_0x6184c790b1f0 .functor OR 1, L_0x6184c790be20, L_0x6184c790c930, C4<0>, C4<0>;
L_0x6184c790c1e0 .functor OR 1, L_0x6184c790c0a0, L_0x6184c790c930, C4<0>, C4<0>;
L_0x6184c790c820 .functor AND 1, L_0x6184c790c420, L_0x6184c790c690, C4<1>, C4<1>;
v0x6184c78ceee0_0 .net *"_ivl_0", 35 0, L_0x6184c790bd30;  1 drivers
v0x6184c78cf600_0 .net *"_ivl_10", 35 0, L_0x6184c790bfb0;  1 drivers
L_0x7a7465831338 .functor BUFT 1, C4<00000000000000000000000000>, C4<0>, C4<0>, C4<0>;
v0x6184c78cf6e0_0 .net *"_ivl_13", 25 0, L_0x7a7465831338;  1 drivers
L_0x7a7465831380 .functor BUFT 1, C4<000000000000000000000000001000001100>, C4<0>, C4<0>, C4<0>;
v0x6184c78cf7d0_0 .net/2u *"_ivl_14", 35 0, L_0x7a7465831380;  1 drivers
v0x6184c78cf8b0_0 .net *"_ivl_16", 0 0, L_0x6184c790c0a0;  1 drivers
v0x6184c78cf9c0_0 .net *"_ivl_20", 31 0, L_0x6184c790c2f0;  1 drivers
L_0x7a74658313c8 .functor BUFT 1, C4<0000000000000000000000>, C4<0>, C4<0>, C4<0>;
v0x6184c78cfaa0_0 .net *"_ivl_23", 21 0, L_0x7a74658313c8;  1 drivers
L_0x7a7465831410 .functor BUFT 1, C4<00000000000000000000001010000000>, C4<0>, C4<0>, C4<0>;
v0x6184c78cfb80_0 .net/2u *"_ivl_24", 31 0, L_0x7a7465831410;  1 drivers
v0x6184c78cfc60_0 .net *"_ivl_26", 0 0, L_0x6184c790c420;  1 drivers
v0x6184c78cfd20_0 .net *"_ivl_28", 31 0, L_0x6184c790c560;  1 drivers
L_0x7a74658312a8 .functor BUFT 1, C4<00000000000000000000000000>, C4<0>, C4<0>, C4<0>;
v0x6184c78cfe00_0 .net *"_ivl_3", 25 0, L_0x7a74658312a8;  1 drivers
L_0x7a7465831458 .functor BUFT 1, C4<0000000000000000000000>, C4<0>, C4<0>, C4<0>;
v0x6184c78cfee0_0 .net *"_ivl_31", 21 0, L_0x7a7465831458;  1 drivers
L_0x7a74658314a0 .functor BUFT 1, C4<00000000000000000000000111100000>, C4<0>, C4<0>, C4<0>;
v0x6184c78cffc0_0 .net/2u *"_ivl_32", 31 0, L_0x7a74658314a0;  1 drivers
v0x6184c78d00a0_0 .net *"_ivl_34", 0 0, L_0x6184c790c690;  1 drivers
L_0x7a74658312f0 .functor BUFT 1, C4<000000000000000000000000001100011111>, C4<0>, C4<0>, C4<0>;
v0x6184c78d0160_0 .net/2u *"_ivl_4", 35 0, L_0x7a74658312f0;  1 drivers
v0x6184c78d0240_0 .net *"_ivl_6", 0 0, L_0x6184c790be20;  1 drivers
v0x6184c78d0300_0 .net "clk", 0 0, o0x7a746587b538;  alias, 0 drivers
v0x6184c78d04b0_0 .net "display_on", 0 0, L_0x6184c790c820;  alias, 1 drivers
v0x6184c78d0570_0 .net "hmaxxed", 0 0, L_0x6184c790b1f0;  1 drivers
v0x6184c78d0630_0 .var "hpos", 9 0;
v0x6184c78d0710_0 .var "hsync", 0 0;
v0x6184c78d07d0_0 .net "reset", 0 0, L_0x6184c790c930;  1 drivers
v0x6184c78d0890_0 .net "vmaxxed", 0 0, L_0x6184c790c1e0;  1 drivers
v0x6184c78d0950_0 .var "vpos", 9 0;
v0x6184c78d0a30_0 .var "vsync", 0 0;
L_0x6184c790bd30 .concat [ 10 26 0 0], v0x6184c78d0630_0, L_0x7a74658312a8;
L_0x6184c790be20 .cmp/eq 36, L_0x6184c790bd30, L_0x7a74658312f0;
L_0x6184c790bfb0 .concat [ 10 26 0 0], v0x6184c78d0950_0, L_0x7a7465831338;
L_0x6184c790c0a0 .cmp/eq 36, L_0x6184c790bfb0, L_0x7a7465831380;
L_0x6184c790c2f0 .concat [ 10 22 0 0], v0x6184c78d0630_0, L_0x7a74658313c8;
L_0x6184c790c420 .cmp/gt 32, L_0x7a7465831410, L_0x6184c790c2f0;
L_0x6184c790c560 .concat [ 10 22 0 0], v0x6184c78d0950_0, L_0x7a7465831458;
L_0x6184c790c690 .cmp/gt 32, L_0x7a74658314a0, L_0x6184c790c560;
S_0x6184c78d0c10 .scope module, "u_renderer" "renderer" 6 125, 14 10 0, S_0x6184c77f5140;
 .timescale 0 0;
    .port_info 0 /INPUT 10 "pix_x";
    .port_info 1 /INPUT 10 "pix_y";
    .port_info 2 /INPUT 1 "video_active";
    .port_info 3 /INPUT 3 "mode";
    .port_info 4 /INPUT 3 "menu_sel";
    .port_info 5 /INPUT 3 "hearts";
    .port_info 6 /INPUT 3 "satisfaction";
    .port_info 7 /INPUT 10 "coins";
    .port_info 8 /INPUT 3 "level";
    .port_info 9 /INPUT 1 "evolve_now";
    .port_info 10 /INPUT 2 "combo_len";
    .port_info 11 /INPUT 2 "chest_frame";
    .port_info 12 /INPUT 2 "chest_state";
    .port_info 13 /INPUT 2 "chest_sel";
    .port_info 14 /INPUT 3 "chest_outcome";
    .port_info 15 /INPUT 2 "dragon_form";
    .port_info 16 /INPUT 3 "dragon_mood_anim";
    .port_info 17 /INPUT 1 "flash";
    .port_info 18 /INPUT 1 "flame_frame";
    .port_info 19 /INPUT 1 "you_win";
    .port_info 20 /INPUT 1 "overflow";
    .port_info 21 /OUTPUT 2 "R";
    .port_info 22 /OUTPUT 2 "G";
    .port_info 23 /OUTPUT 2 "B";
P_0x6184c78d0da0 .param/l "BG_CHEST" 1 14 230, C4<100000>;
P_0x6184c78d0de0 .param/l "BG_HOME" 1 14 229, C4<011011>;
P_0x6184c78d0e20 .param/l "CHEST0_X" 1 14 58, C4<0001010000>;
P_0x6184c78d0e60 .param/l "CHEST1_X" 1 14 58, C4<0100010000>;
P_0x6184c78d0ea0 .param/l "CHEST2_X" 1 14 58, C4<0111010000>;
P_0x6184c78d0ee0 .param/l "CHEST_Y" 1 14 59, C4<0100101100>;
P_0x6184c78d0f20 .param/l "COINBAR_X" 1 14 57, C4<0000011000>;
P_0x6184c78d0f60 .param/l "COINBAR_Y" 1 14 57, C4<0001010000>;
P_0x6184c78d0fa0 .param/l "DRAGON_X" 1 14 55, C4<0011110000>;
P_0x6184c78d0fe0 .param/l "DRAGON_Y" 1 14 55, C4<0001100100>;
P_0x6184c78d1020 .param/l "HEARTS_X" 1 14 60, C4<0010101000>;
P_0x6184c78d1060 .param/l "HEARTS_Y" 1 14 60, C4<0000010000>;
P_0x6184c78d10a0 .param/l "M_CHEST" 1 14 42, C4<10>;
P_0x6184c78d10e0 .param/l "M_GAMEOVER" 1 14 42, C4<11>;
P_0x6184c78d1120 .param/l "M_HOME" 1 14 42, C4<01>;
P_0x6184c78d1160 .param/l "M_TITLE" 1 14 42, C4<00>;
P_0x6184c78d11a0 .param/l "SATBAR_X" 1 14 56, C4<0000011000>;
P_0x6184c78d11e0 .param/l "SATBAR_Y" 1 14 56, C4<0000111000>;
L_0x6184c790cab0 .functor BUFZ 10, v0x6184c78d0950_0, C4<0000000000>, C4<0000000000>, C4<0000000000>;
L_0x7a7465831698 .functor BUFT 1, C4<0>, C4<0>, C4<0>, C4<0>;
L_0x7a74658318d8 .functor BUFT 1, C4<0>, C4<0>, C4<0>, C4<0>;
L_0x6184c790cc10 .functor OR 1, L_0x7a7465831698, L_0x7a74658318d8, C4<0>, C4<0>;
L_0x7a7465831b18 .functor BUFT 1, C4<0>, C4<0>, C4<0>, C4<0>;
L_0x6184c790eb40 .functor OR 1, L_0x6184c790cc10, L_0x7a7465831b18, C4<0>, C4<0>;
L_0x6184c7919b80 .functor OR 1, L_0x6184c791a1c0, L_0x6184c791a630, C4<0>, C4<0>;
L_0x7a7465831b60 .functor BUFT 1, C4<00>, C4<0>, C4<0>, C4<0>;
L_0x6184c791aec0 .functor BUFT 2, L_0x7a7465831b60, C4<00>, C4<00>, C4<00>;
L_0x6184c791af30 .functor BUFT 2, L_0x6184c791aec0, C4<00>, C4<00>, C4<00>;
v0x6184c78e3570_0 .var "B", 1 0;
v0x6184c78e3670_0 .var "G", 1 0;
v0x6184c78e3750_0 .var "R", 1 0;
L_0x7a7465831650 .functor BUFT 1, C4<0001100100>, C4<0>, C4<0>, C4<0>;
v0x6184c78e3810_0 .net/2u *"_ivl_10", 9 0, L_0x7a7465831650;  1 drivers
L_0x7a74658332b8 .functor BUFT 1, C4<0000010000>, C4<0>, C4<0>, C4<0>;
v0x6184c78e38f0_0 .net/2u *"_ivl_102", 9 0, L_0x7a74658332b8;  1 drivers
L_0x7a74658333d8 .functor BUFT 1, C4<001>, C4<0>, C4<0>, C4<0>;
v0x6184c78e3a20_0 .net/2u *"_ivl_106", 2 0, L_0x7a74658333d8;  1 drivers
L_0x7a7465833420 .functor BUFT 1, C4<001>, C4<0>, C4<0>, C4<0>;
v0x6184c78e3b00_0 .net/2u *"_ivl_110", 2 0, L_0x7a7465833420;  1 drivers
L_0x7a7465833468 .functor BUFT 1, C4<001>, C4<0>, C4<0>, C4<0>;
v0x6184c78e3be0_0 .net/2u *"_ivl_114", 2 0, L_0x7a7465833468;  1 drivers
L_0x7a74658334b0 .functor BUFT 1, C4<010>, C4<0>, C4<0>, C4<0>;
v0x6184c78e3cc0_0 .net/2u *"_ivl_118", 2 0, L_0x7a74658334b0;  1 drivers
L_0x7a74658334f8 .functor BUFT 1, C4<001>, C4<0>, C4<0>, C4<0>;
v0x6184c78e3da0_0 .net/2u *"_ivl_122", 2 0, L_0x7a74658334f8;  1 drivers
v0x6184c78e3e80_0 .net *"_ivl_124", 0 0, L_0x6184c791a1c0;  1 drivers
L_0x7a7465833540 .functor BUFT 1, C4<010>, C4<0>, C4<0>, C4<0>;
v0x6184c78e3f40_0 .net/2u *"_ivl_126", 2 0, L_0x7a7465833540;  1 drivers
v0x6184c78e4020_0 .net *"_ivl_128", 0 0, L_0x6184c791a630;  1 drivers
L_0x7a7465833588 .functor BUFT 1, C4<01>, C4<0>, C4<0>, C4<0>;
v0x6184c78e40e0_0 .net/2u *"_ivl_132", 1 0, L_0x7a7465833588;  1 drivers
v0x6184c78e41c0_0 .net *"_ivl_134", 0 0, L_0x6184c791a820;  1 drivers
L_0x7a74658335d0 .functor BUFT 1, C4<110000>, C4<0>, C4<0>, C4<0>;
v0x6184c78e4280_0 .net/2u *"_ivl_136", 5 0, L_0x7a74658335d0;  1 drivers
L_0x7a7465833618 .functor BUFT 1, C4<111111>, C4<0>, C4<0>, C4<0>;
v0x6184c78e4360_0 .net/2u *"_ivl_138", 5 0, L_0x7a7465833618;  1 drivers
L_0x7a7465831770 .functor BUFT 1, C4<0001010000>, C4<0>, C4<0>, C4<0>;
v0x6184c78e4440_0 .net/2u *"_ivl_14", 9 0, L_0x7a7465831770;  1 drivers
L_0x7a7465833660 .functor BUFT 1, C4<0>, C4<0>, C4<0>, C4<0>;
v0x6184c78e4520_0 .net/2u *"_ivl_142", 0 0, L_0x7a7465833660;  1 drivers
v0x6184c78e4600_0 .net *"_ivl_144", 16 0, L_0x6184c791aa70;  1 drivers
L_0x7a74658317b8 .functor BUFT 1, C4<0100101100>, C4<0>, C4<0>, C4<0>;
v0x6184c78e46e0_0 .net/2u *"_ivl_18", 9 0, L_0x7a74658317b8;  1 drivers
L_0x7a74658314e8 .functor BUFT 1, C4<1001111111>, C4<0>, C4<0>, C4<0>;
v0x6184c78e47c0_0 .net/2u *"_ivl_2", 9 0, L_0x7a74658314e8;  1 drivers
L_0x7a7465831800 .functor BUFT 1, C4<00>, C4<0>, C4<0>, C4<0>;
v0x6184c78e48a0_0 .net/2u *"_ivl_22", 1 0, L_0x7a7465831800;  1 drivers
v0x6184c78e4980_0 .net *"_ivl_24", 0 0, L_0x6184c790d7a0;  1 drivers
L_0x7a7465831848 .functor BUFT 1, C4<00>, C4<0>, C4<0>, C4<0>;
v0x6184c78e4a40_0 .net/2u *"_ivl_26", 1 0, L_0x7a7465831848;  1 drivers
L_0x7a7465831890 .functor BUFT 1, C4<00>, C4<0>, C4<0>, C4<0>;
v0x6184c78e4b20_0 .net/2u *"_ivl_30", 1 0, L_0x7a7465831890;  1 drivers
L_0x7a74658319b0 .functor BUFT 1, C4<0100010000>, C4<0>, C4<0>, C4<0>;
v0x6184c78e4c00_0 .net/2u *"_ivl_34", 9 0, L_0x7a74658319b0;  1 drivers
L_0x7a74658319f8 .functor BUFT 1, C4<0100101100>, C4<0>, C4<0>, C4<0>;
v0x6184c78e4ce0_0 .net/2u *"_ivl_38", 9 0, L_0x7a74658319f8;  1 drivers
L_0x7a7465831a40 .functor BUFT 1, C4<01>, C4<0>, C4<0>, C4<0>;
v0x6184c78e4dc0_0 .net/2u *"_ivl_42", 1 0, L_0x7a7465831a40;  1 drivers
v0x6184c78e4ea0_0 .net *"_ivl_44", 0 0, L_0x6184c790e150;  1 drivers
L_0x7a7465831a88 .functor BUFT 1, C4<00>, C4<0>, C4<0>, C4<0>;
v0x6184c78e4f60_0 .net/2u *"_ivl_46", 1 0, L_0x7a7465831a88;  1 drivers
L_0x7a7465831ad0 .functor BUFT 1, C4<01>, C4<0>, C4<0>, C4<0>;
v0x6184c78e5040_0 .net/2u *"_ivl_50", 1 0, L_0x7a7465831ad0;  1 drivers
L_0x7a7465831bf0 .functor BUFT 1, C4<0111010000>, C4<0>, C4<0>, C4<0>;
v0x6184c78e5120_0 .net/2u *"_ivl_54", 9 0, L_0x7a7465831bf0;  1 drivers
L_0x7a7465831c38 .functor BUFT 1, C4<0100101100>, C4<0>, C4<0>, C4<0>;
v0x6184c78e5410_0 .net/2u *"_ivl_58", 9 0, L_0x7a7465831c38;  1 drivers
L_0x7a7465831608 .functor BUFT 1, C4<0011110000>, C4<0>, C4<0>, C4<0>;
v0x6184c78e54f0_0 .net/2u *"_ivl_6", 9 0, L_0x7a7465831608;  1 drivers
L_0x7a7465831c80 .functor BUFT 1, C4<10>, C4<0>, C4<0>, C4<0>;
v0x6184c78e55d0_0 .net/2u *"_ivl_62", 1 0, L_0x7a7465831c80;  1 drivers
v0x6184c78e56b0_0 .net *"_ivl_64", 0 0, L_0x6184c790ea50;  1 drivers
L_0x7a7465831cc8 .functor BUFT 1, C4<00>, C4<0>, C4<0>, C4<0>;
v0x6184c78e5770_0 .net/2u *"_ivl_66", 1 0, L_0x7a7465831cc8;  1 drivers
L_0x7a7465831d10 .functor BUFT 1, C4<10>, C4<0>, C4<0>, C4<0>;
v0x6184c78e5850_0 .net/2u *"_ivl_70", 1 0, L_0x7a7465831d10;  1 drivers
v0x6184c78e5930_0 .net *"_ivl_74", 0 0, L_0x6184c790cc10;  1 drivers
v0x6184c78e5a10_0 .net *"_ivl_78", 1 0, L_0x6184c791aec0;  1 drivers
L_0x7a7465832268 .functor BUFT 1, C4<0000011000>, C4<0>, C4<0>, C4<0>;
v0x6184c78e5af0_0 .net/2u *"_ivl_82", 9 0, L_0x7a7465832268;  1 drivers
L_0x7a74658322b0 .functor BUFT 1, C4<0000111000>, C4<0>, C4<0>, C4<0>;
v0x6184c78e5bd0_0 .net/2u *"_ivl_86", 9 0, L_0x7a74658322b0;  1 drivers
L_0x7a7465832730 .functor BUFT 1, C4<0000011000>, C4<0>, C4<0>, C4<0>;
v0x6184c78e5cb0_0 .net/2u *"_ivl_90", 9 0, L_0x7a7465832730;  1 drivers
L_0x7a7465832778 .functor BUFT 1, C4<0001010000>, C4<0>, C4<0>, C4<0>;
v0x6184c78e5d90_0 .net/2u *"_ivl_94", 9 0, L_0x7a7465832778;  1 drivers
L_0x7a7465833270 .functor BUFT 1, C4<0010101000>, C4<0>, C4<0>, C4<0>;
v0x6184c78e5e70_0 .net/2u *"_ivl_98", 9 0, L_0x7a7465833270;  1 drivers
v0x6184c78e5f50_0 .net "_unused", 0 0, L_0x6184c791ab60;  1 drivers
L_0x7a7465833348 .functor BUFT 1, C4<000>, C4<0>, C4<0>, C4<0>;
v0x6184c78e6010_0 .net "button_code", 2 0, L_0x7a7465833348;  1 drivers
L_0x7a7465833300 .functor BUFT 1, C4<0>, C4<0>, C4<0>, C4<0>;
v0x6184c78e60d0_0 .net "button_on", 0 0, L_0x7a7465833300;  1 drivers
v0x6184c78e6170_0 .var "buttons_rgb", 5 0;
L_0x7a74658316e0 .functor BUFT 1, C4<00>, C4<0>, C4<0>, C4<0>;
v0x6184c78e6210_0 .net "c0_code", 1 0, L_0x7a74658316e0;  1 drivers
v0x6184c78e6300_0 .net "c0_on", 0 0, L_0x7a7465831698;  1 drivers
L_0x7a7465831920 .functor BUFT 1, C4<00>, C4<0>, C4<0>, C4<0>;
v0x6184c78e63d0_0 .net "c1_code", 1 0, L_0x7a7465831920;  1 drivers
v0x6184c78e64a0_0 .net "c1_on", 0 0, L_0x7a74658318d8;  1 drivers
v0x6184c78e6570_0 .net "c2_code", 1 0, L_0x7a7465831b60;  1 drivers
v0x6184c78e6640_0 .net "c2_on", 0 0, L_0x7a7465831b18;  1 drivers
v0x6184c78e6710_0 .net "chest_code", 1 0, L_0x6184c791af30;  1 drivers
v0x6184c78e67b0_0 .net "chest_frame", 1 0, v0x6184c7669500_0;  alias, 1 drivers
v0x6184c78e6880_0 .net "chest_on", 0 0, L_0x6184c790eb40;  1 drivers
v0x6184c78e6920_0 .net "chest_outcome", 2 0, v0x6184c78cb6c0_0;  alias, 1 drivers
v0x6184c78e69f0_0 .var "chest_rgb", 5 0;
v0x6184c78e6ab0_0 .net "chest_sel", 1 0, v0x6184c78cb780_0;  alias, 1 drivers
v0x6184c78e6ba0_0 .net "chest_state", 1 0, v0x6184c78cb860_0;  alias, 1 drivers
v0x6184c78e6c40_0 .net "coin_code", 1 0, L_0x6184c7913c40;  1 drivers
v0x6184c78e6d00_0 .net "coin_on", 0 0, L_0x6184c7913860;  1 drivers
v0x6184c78e71e0_0 .var "coin_rgb", 5 0;
v0x6184c78e7280_0 .net "coins", 9 0, v0x6184c78ea950_0;  alias, 1 drivers
v0x6184c78e7390_0 .net "combo_len", 1 0, v0x6184c78c6f40_0;  alias, 1 drivers
L_0x7a7465831578 .functor BUFT 1, C4<000>, C4<0>, C4<0>, C4<0>;
v0x6184c78e7450_0 .net "dragon_code", 2 0, L_0x7a7465831578;  1 drivers
o0x7a746587f828 .functor BUFZ 2, C4<zz>; HiZ drive
v0x6184c78e7520_0 .net "dragon_form", 1 0, o0x7a746587f828;  0 drivers
v0x6184c78e75f0_0 .net "dragon_mood_anim", 2 0, v0x6184c76698b0_0;  alias, 1 drivers
L_0x7a7465831530 .functor BUFT 1, C4<0>, C4<0>, C4<0>, C4<0>;
v0x6184c78e76e0_0 .net "dragon_on", 0 0, L_0x7a7465831530;  1 drivers
v0x6184c78e7780_0 .var "dragon_rgb", 5 0;
v0x6184c78e7840_0 .net "evolve_now", 0 0, L_0x6184c7909d60;  alias, 1 drivers
v0x6184c78e7910_0 .net "flame_frame", 0 0, v0x6184c76b9620_0;  alias, 1 drivers
v0x6184c78e79e0_0 .net "flash", 0 0, v0x6184c76b9770_0;  alias, 1 drivers
v0x6184c78e7ab0_0 .net "hearts", 2 0, v0x6184c78eafb0_0;  alias, 1 drivers
v0x6184c78e7b80_0 .net "heartsinfo_code", 1 0, L_0x6184c7919950;  1 drivers
v0x6184c78e7c50_0 .net "heartsinfo_on", 0 0, L_0x6184c7919840;  1 drivers
v0x6184c78e7d20_0 .net "heartsinfo_rgb", 5 0, L_0x6184c791a8c0;  1 drivers
v0x6184c78e7dc0_0 .net "level", 2 0, v0x6184c78eb0c0_0;  alias, 1 drivers
v0x6184c78e7e60_0 .net "menu_sel", 2 0, v0x6184c78ce040_0;  alias, 1 drivers
v0x6184c78e7f50_0 .net "mode", 2 0, v0x6184c78ce1c0_0;  alias, 1 drivers
v0x6184c78e8040_0 .net "overflow", 0 0, v0x6184c78eb220_0;  alias, 1 drivers
v0x6184c78e80e0_0 .net "pix_x", 9 0, v0x6184c78d0630_0;  alias, 1 drivers
v0x6184c78e81b0_0 .net "pix_y", 9 0, v0x6184c78d0950_0;  alias, 1 drivers
v0x6184c78e8280_0 .net "px", 9 0, L_0x6184c790cab0;  1 drivers
v0x6184c78e8350_0 .net "py", 9 0, L_0x6184c790cb70;  1 drivers
v0x6184c78e8420_0 .var "rgb", 5 0;
v0x6184c78e84e0_0 .net "sat_code", 2 0, L_0x6184c79113b0;  1 drivers
v0x6184c78e85d0_0 .net "sat_on", 0 0, L_0x6184c7910f20;  1 drivers
v0x6184c78e86a0_0 .var "sat_rgb", 5 0;
v0x6184c78e8740_0 .net "satisfaction", 2 0, v0x6184c78ebba0_0;  alias, 1 drivers
v0x6184c78e8800_0 .net "show_buttons", 0 0, L_0x6184c7919d30;  1 drivers
v0x6184c78e88c0_0 .net "show_chests", 0 0, L_0x6184c791a400;  1 drivers
v0x6184c78e8980_0 .net "show_coin_hearts", 0 0, L_0x6184c7919b80;  1 drivers
v0x6184c78e8a40_0 .net "show_dragon", 0 0, L_0x6184c7919fe0;  1 drivers
v0x6184c78e8b00_0 .net "show_satbar", 0 0, L_0x6184c791a0d0;  1 drivers
v0x6184c78e8bc0_0 .net "video_active", 0 0, L_0x6184c790c820;  alias, 1 drivers
o0x7a7465882828 .functor BUFZ 1, C4<z>; HiZ drive
v0x6184c78e8c90_0 .net "you_win", 0 0, o0x7a7465882828;  0 drivers
E_0x6184c78cf4b0/0 .event anyedge, v0x6184c78d04b0_0, v0x6184c76b98f0_0, v0x6184c78e8980_0, v0x6184c78df890_0;
E_0x6184c78cf4b0/1 .event anyedge, v0x6184c78e7d20_0, v0x6184c78d76b0_0, v0x6184c78e71e0_0, v0x6184c78e8b00_0;
E_0x6184c78cf4b0/2 .event anyedge, v0x6184c78e2e50_0, v0x6184c78e86a0_0, v0x6184c78e8800_0, v0x6184c78d2650_0;
E_0x6184c78cf4b0/3 .event anyedge, v0x6184c78e6170_0, v0x6184c78e88c0_0, v0x6184c78e6880_0, v0x6184c78e69f0_0;
E_0x6184c78cf4b0/4 .event anyedge, v0x6184c78e8a40_0, v0x6184c78d8270_0, v0x6184c78e7780_0, v0x6184c78e8420_0;
E_0x6184c78cf4b0 .event/or E_0x6184c78cf4b0/0, E_0x6184c78cf4b0/1, E_0x6184c78cf4b0/2, E_0x6184c78cf4b0/3, E_0x6184c78cf4b0/4;
E_0x6184c78d1e00 .event anyedge, v0x6184c78e2d70_0;
E_0x6184c78d1e60 .event anyedge, v0x6184c78e6710_0;
E_0x6184c78d1ec0 .event anyedge, v0x6184c78d8160_0;
L_0x6184c790cb70 .arith/sub 10, L_0x7a74658314e8, v0x6184c78d0630_0;
L_0x6184c790cfa0 .arith/sub 10, L_0x6184c790cab0, L_0x7a7465831608;
L_0x6184c790d0e0 .arith/sub 10, L_0x6184c790cb70, L_0x7a7465831650;
L_0x6184c790d4a0 .arith/sub 10, L_0x6184c790cab0, L_0x7a7465831770;
L_0x6184c790d620 .arith/sub 10, L_0x6184c790cb70, L_0x7a74658317b8;
L_0x6184c790d7a0 .cmp/eq 2, v0x6184c78cb780_0, L_0x7a7465831800;
L_0x6184c790d890 .functor MUXZ 2, L_0x7a7465831848, v0x6184c7669500_0, L_0x6184c790d7a0, C4<>;
L_0x6184c790da20 .cmp/eq 2, v0x6184c78cb780_0, L_0x7a7465831890;
L_0x6184c790de70 .arith/sub 10, L_0x6184c790cab0, L_0x7a74658319b0;
L_0x6184c790dfb0 .arith/sub 10, L_0x6184c790cb70, L_0x7a74658319f8;
L_0x6184c790e150 .cmp/eq 2, v0x6184c78cb780_0, L_0x7a7465831a40;
L_0x6184c790e1f0 .functor MUXZ 2, L_0x7a7465831a88, v0x6184c7669500_0, L_0x6184c790e150, C4<>;
L_0x6184c790e430 .cmp/eq 2, v0x6184c78cb780_0, L_0x7a7465831ad0;
L_0x6184c790e7a0 .arith/sub 10, L_0x6184c790cab0, L_0x7a7465831bf0;
L_0x6184c790e960 .arith/sub 10, L_0x6184c790cb70, L_0x7a7465831c38;
L_0x6184c790ea50 .cmp/eq 2, v0x6184c78cb780_0, L_0x7a7465831c80;
L_0x6184c790ebd0 .functor MUXZ 2, L_0x7a7465831cc8, v0x6184c7669500_0, L_0x6184c790ea50, C4<>;
L_0x6184c790ed10 .cmp/eq 2, v0x6184c78cb780_0, L_0x7a7465831d10;
L_0x6184c79115a0 .arith/sub 10, L_0x6184c790cab0, L_0x7a7465832268;
L_0x6184c7911690 .arith/sub 10, L_0x6184c790cb70, L_0x7a74658322b0;
L_0x6184c7913e20 .arith/sub 10, L_0x6184c790cab0, L_0x7a7465832730;
L_0x6184c79140d0 .arith/sub 10, L_0x6184c790cb70, L_0x7a7465832778;
L_0x6184c7919ae0 .arith/sub 10, L_0x6184c790cab0, L_0x7a7465833270;
L_0x6184c7919c40 .arith/sub 10, L_0x6184c790cb70, L_0x7a74658332b8;
L_0x6184c7919fe0 .cmp/eq 3, v0x6184c78ce1c0_0, L_0x7a74658333d8;
L_0x6184c791a0d0 .cmp/eq 3, v0x6184c78ce1c0_0, L_0x7a7465833420;
L_0x6184c7919d30 .cmp/eq 3, v0x6184c78ce1c0_0, L_0x7a7465833468;
L_0x6184c791a400 .cmp/eq 3, v0x6184c78ce1c0_0, L_0x7a74658334b0;
L_0x6184c791a1c0 .cmp/eq 3, v0x6184c78ce1c0_0, L_0x7a74658334f8;
L_0x6184c791a630 .cmp/eq 3, v0x6184c78ce1c0_0, L_0x7a7465833540;
L_0x6184c791a820 .cmp/eq 2, L_0x6184c7919950, L_0x7a7465833588;
L_0x6184c791a8c0 .functor MUXZ 6, L_0x7a7465833618, L_0x7a74658335d0, L_0x6184c791a820, C4<>;
LS_0x6184c791aa70_0_0 .concat [ 1 1 1 2], L_0x7a7465833660, o0x7a7465882828, v0x6184c76b9770_0, v0x6184c78c6f40_0;
LS_0x6184c791aa70_0_4 .concat [ 3 1 3 2], v0x6184c78eb0c0_0, v0x6184c76b9620_0, v0x6184c78cb6c0_0, v0x6184c78cb860_0;
LS_0x6184c791aa70_0_8 .concat [ 3 0 0 0], v0x6184c78ce040_0;
L_0x6184c791aa70 .concat [ 5 9 3 0], LS_0x6184c791aa70_0_0, LS_0x6184c791aa70_0_4, LS_0x6184c791aa70_0_8;
L_0x6184c791ab60 .reduce/and L_0x6184c791aa70;
S_0x6184c78d1f30 .scope module, "buttons_u" "draw_buttons" 14 153, 15 10 0, S_0x6184c78d0c10;
 .timescale 0 0;
    .port_info 0 /INPUT 10 "x";
    .port_info 1 /INPUT 10 "y";
    .port_info 2 /INPUT 1 "evolve_now";
    .port_info 3 /OUTPUT 1 "px_on";
    .port_info 4 /OUTPUT 3 "px_code";
L_0x7a7465833390 .functor BUFT 1, C4<0>, C4<0>, C4<0>, C4<0>;
v0x6184c78d21b0_0 .net/2u *"_ivl_4", 0 0, L_0x7a7465833390;  1 drivers
v0x6184c78d22b0_0 .net *"_ivl_6", 21 0, L_0x6184c7919e00;  1 drivers
v0x6184c78d2390_0 .net "_unused", 0 0, L_0x6184c7919ef0;  1 drivers
v0x6184c78d2460_0 .net "evolve_now", 0 0, L_0x6184c7909d60;  alias, 1 drivers
v0x6184c78d2520_0 .net "px_code", 2 0, L_0x7a7465833348;  alias, 1 drivers
v0x6184c78d2650_0 .net "px_on", 0 0, L_0x7a7465833300;  alias, 1 drivers
v0x6184c78d2710_0 .net "x", 9 0, L_0x6184c790cab0;  alias, 1 drivers
v0x6184c78d27f0_0 .net "y", 9 0, L_0x6184c790cb70;  alias, 1 drivers
L_0x6184c7919e00 .concat [ 1 1 10 10], L_0x7a7465833390, L_0x6184c7909d60, L_0x6184c790cb70, L_0x6184c790cab0;
L_0x6184c7919ef0 .reduce/and L_0x6184c7919e00;
S_0x6184c78d2970 .scope module, "u_chest0" "chest_draw" 14 93, 16 5 0, S_0x6184c78d0c10;
 .timescale 0 0;
    .port_info 0 /INPUT 10 "x";
    .port_info 1 /INPUT 10 "y";
    .port_info 2 /INPUT 2 "frame";
    .port_info 3 /INPUT 1 "highlighted";
    .port_info 4 /OUTPUT 1 "px_on";
    .port_info 5 /OUTPUT 2 "px_code";
L_0x7a7465831728 .functor BUFT 1, C4<0>, C4<0>, C4<0>, C4<0>;
v0x6184c78d2c50_0 .net/2u *"_ivl_4", 0 0, L_0x7a7465831728;  1 drivers
v0x6184c78d2d30_0 .net *"_ivl_6", 23 0, L_0x6184c790d2c0;  1 drivers
v0x6184c78d2e10_0 .net "_unused", 0 0, L_0x6184c790d3b0;  1 drivers
v0x6184c78d2eb0_0 .net "frame", 1 0, L_0x6184c790d890;  1 drivers
v0x6184c78d2f90_0 .net "highlighted", 0 0, L_0x6184c790da20;  1 drivers
v0x6184c78d30a0_0 .net "px_code", 1 0, L_0x7a74658316e0;  alias, 1 drivers
v0x6184c78d3180_0 .net "px_on", 0 0, L_0x7a7465831698;  alias, 1 drivers
v0x6184c78d3240_0 .net "x", 9 0, L_0x6184c790d4a0;  1 drivers
v0x6184c78d3320_0 .net "y", 9 0, L_0x6184c790d620;  1 drivers
LS_0x6184c790d2c0_0_0 .concat [ 1 1 2 10], L_0x7a7465831728, L_0x6184c790da20, L_0x6184c790d890, L_0x6184c790d620;
LS_0x6184c790d2c0_0_4 .concat [ 10 0 0 0], L_0x6184c790d4a0;
L_0x6184c790d2c0 .concat [ 14 10 0 0], LS_0x6184c790d2c0_0_0, LS_0x6184c790d2c0_0_4;
L_0x6184c790d3b0 .reduce/and L_0x6184c790d2c0;
S_0x6184c78d3500 .scope module, "u_chest1" "chest_draw" 14 99, 16 5 0, S_0x6184c78d0c10;
 .timescale 0 0;
    .port_info 0 /INPUT 10 "x";
    .port_info 1 /INPUT 10 "y";
    .port_info 2 /INPUT 2 "frame";
    .port_info 3 /INPUT 1 "highlighted";
    .port_info 4 /OUTPUT 1 "px_on";
    .port_info 5 /OUTPUT 2 "px_code";
L_0x7a7465831968 .functor BUFT 1, C4<0>, C4<0>, C4<0>, C4<0>;
v0x6184c78d3730_0 .net/2u *"_ivl_4", 0 0, L_0x7a7465831968;  1 drivers
v0x6184c78d3810_0 .net *"_ivl_6", 23 0, L_0x6184c790dc90;  1 drivers
v0x6184c78d38f0_0 .net "_unused", 0 0, L_0x6184c790dd80;  1 drivers
v0x6184c78d39c0_0 .net "frame", 1 0, L_0x6184c790e1f0;  1 drivers
v0x6184c78d3aa0_0 .net "highlighted", 0 0, L_0x6184c790e430;  1 drivers
v0x6184c78d3bb0_0 .net "px_code", 1 0, L_0x7a7465831920;  alias, 1 drivers
v0x6184c78d3c90_0 .net "px_on", 0 0, L_0x7a74658318d8;  alias, 1 drivers
v0x6184c78d3d50_0 .net "x", 9 0, L_0x6184c790de70;  1 drivers
v0x6184c78d3e30_0 .net "y", 9 0, L_0x6184c790dfb0;  1 drivers
LS_0x6184c790dc90_0_0 .concat [ 1 1 2 10], L_0x7a7465831968, L_0x6184c790e430, L_0x6184c790e1f0, L_0x6184c790dfb0;
LS_0x6184c790dc90_0_4 .concat [ 10 0 0 0], L_0x6184c790de70;
L_0x6184c790dc90 .concat [ 14 10 0 0], LS_0x6184c790dc90_0_0, LS_0x6184c790dc90_0_4;
L_0x6184c790dd80 .reduce/and L_0x6184c790dc90;
S_0x6184c78d40a0 .scope module, "u_chest2" "chest_draw" 14 105, 16 5 0, S_0x6184c78d0c10;
 .timescale 0 0;
    .port_info 0 /INPUT 10 "x";
    .port_info 1 /INPUT 10 "y";
    .port_info 2 /INPUT 2 "frame";
    .port_info 3 /INPUT 1 "highlighted";
    .port_info 4 /OUTPUT 1 "px_on";
    .port_info 5 /OUTPUT 2 "px_code";
L_0x7a7465831ba8 .functor BUFT 1, C4<0>, C4<0>, C4<0>, C4<0>;
v0x6184c78d42d0_0 .net/2u *"_ivl_4", 0 0, L_0x7a7465831ba8;  1 drivers
v0x6184c78d43d0_0 .net *"_ivl_6", 23 0, L_0x6184c790e5c0;  1 drivers
v0x6184c78d44b0_0 .net "_unused", 0 0, L_0x6184c790e6b0;  1 drivers
v0x6184c78d4550_0 .net "frame", 1 0, L_0x6184c790ebd0;  1 drivers
v0x6184c78d4630_0 .net "highlighted", 0 0, L_0x6184c790ed10;  1 drivers
v0x6184c78d4740_0 .net "px_code", 1 0, L_0x7a7465831b60;  alias, 1 drivers
v0x6184c78d4820_0 .net "px_on", 0 0, L_0x7a7465831b18;  alias, 1 drivers
v0x6184c78d48e0_0 .net "x", 9 0, L_0x6184c790e7a0;  1 drivers
v0x6184c78d49c0_0 .net "y", 9 0, L_0x6184c790e960;  1 drivers
LS_0x6184c790e5c0_0_0 .concat [ 1 1 2 10], L_0x7a7465831ba8, L_0x6184c790ed10, L_0x6184c790ebd0, L_0x6184c790e960;
LS_0x6184c790e5c0_0_4 .concat [ 10 0 0 0], L_0x6184c790e7a0;
L_0x6184c790e5c0 .concat [ 14 10 0 0], LS_0x6184c790e5c0_0_0, LS_0x6184c790e5c0_0_4;
L_0x6184c790e6b0 .reduce/and L_0x6184c790e5c0;
S_0x6184c78d4c30 .scope module, "u_coinbar" "coinbar" 14 127, 17 20 0, S_0x6184c78d0c10;
 .timescale 0 0;
    .port_info 0 /INPUT 10 "x";
    .port_info 1 /INPUT 10 "y";
    .port_info 2 /INPUT 10 "coins";
    .port_info 3 /OUTPUT 1 "px_on";
    .port_info 4 /OUTPUT 2 "px_code";
P_0x6184c76dd570 .param/l "BAR_H" 1 17 39, C4<0010000100>;
P_0x6184c76dd5b0 .param/l "BAR_W" 1 17 38, C4<0000011000>;
P_0x6184c76dd5f0 .param/l "COINS_MAX" 1 17 28, C4<1111101000>;
P_0x6184c76dd630 .param/l "FRAME" 1 17 32, C4<0000000011>;
P_0x6184c76dd670 .param/l "NSEG" 1 17 31, C4<0000001000>;
P_0x6184c76dd6b0 .param/l "PITCH" 1 17 33, C4<0000010000>;
P_0x6184c76dd6f0 .param/l "SEG_H" 1 17 34, C4<0000001110>;
P_0x6184c76dd730 .param/l "SEG_W" 1 17 35, C4<0000010010>;
L_0x6184c7911120 .functor AND 1, L_0x6184c790ef60, L_0x6184c7911880, C4<1>, C4<1>;
L_0x6184c7911c40 .functor AND 1, L_0x6184c7911a10, L_0x6184c7911b50, C4<1>, C4<1>;
L_0x6184c79126a0 .functor AND 1, L_0x6184c7911c40, L_0x6184c7912560, C4<1>, C4<1>;
L_0x6184c79128a0 .functor AND 1, L_0x6184c79126a0, L_0x6184c79127b0, C4<1>, C4<1>;
L_0x6184c7912a50 .functor AND 1, L_0x6184c79128a0, L_0x6184c7912d30, C4<1>, C4<1>;
L_0x6184c79132b0 .functor OR 1, L_0x6184c7912fc0, L_0x6184c7913530, C4<0>, C4<0>;
L_0x6184c7913750 .functor AND 1, L_0x6184c7912a50, L_0x6184c79132b0, C4<1>, C4<1>;
L_0x6184c7913860 .functor BUFZ 1, L_0x6184c7911120, C4<0>, C4<0>, C4<0>;
L_0x7a74658322f8 .functor BUFT 1, C4<0000011000>, C4<0>, C4<0>, C4<0>;
v0x6184c78d5210_0 .net/2u *"_ivl_0", 9 0, L_0x7a74658322f8;  1 drivers
L_0x7a7465832388 .functor BUFT 1, C4<0000000011>, C4<0>, C4<0>, C4<0>;
v0x6184c78d5310_0 .net/2u *"_ivl_10", 9 0, L_0x7a7465832388;  1 drivers
v0x6184c78d53f0_0 .net *"_ivl_12", 0 0, L_0x6184c7911a10;  1 drivers
L_0x7a74658323d0 .functor BUFT 1, C4<0000010101>, C4<0>, C4<0>, C4<0>;
v0x6184c78d5490_0 .net/2u *"_ivl_14", 9 0, L_0x7a74658323d0;  1 drivers
v0x6184c78d5570_0 .net *"_ivl_16", 0 0, L_0x6184c7911b50;  1 drivers
v0x6184c78d5680_0 .net *"_ivl_19", 0 0, L_0x6184c7911c40;  1 drivers
v0x6184c78d5740_0 .net *"_ivl_2", 0 0, L_0x6184c790ef60;  1 drivers
L_0x7a7465832418 .functor BUFT 1, C4<0000000011>, C4<0>, C4<0>, C4<0>;
v0x6184c78d5800_0 .net/2u *"_ivl_20", 9 0, L_0x7a7465832418;  1 drivers
v0x6184c78d58e0_0 .net *"_ivl_22", 0 0, L_0x6184c7912560;  1 drivers
v0x6184c78d5a30_0 .net *"_ivl_25", 0 0, L_0x6184c79126a0;  1 drivers
L_0x7a7465832460 .functor BUFT 1, C4<0010000001>, C4<0>, C4<0>, C4<0>;
v0x6184c78d5af0_0 .net/2u *"_ivl_26", 9 0, L_0x7a7465832460;  1 drivers
v0x6184c78d5bd0_0 .net *"_ivl_28", 0 0, L_0x6184c79127b0;  1 drivers
L_0x7a74658324a8 .functor BUFT 1, C4<0000000011>, C4<0>, C4<0>, C4<0>;
v0x6184c78d5c90_0 .net/2u *"_ivl_32", 9 0, L_0x7a74658324a8;  1 drivers
L_0x7a7465832340 .functor BUFT 1, C4<0010000100>, C4<0>, C4<0>, C4<0>;
v0x6184c78d5d70_0 .net/2u *"_ivl_4", 9 0, L_0x7a7465832340;  1 drivers
L_0x7a74658324f0 .functor BUFT 1, C4<1110>, C4<0>, C4<0>, C4<0>;
v0x6184c78d5e50_0 .net/2u *"_ivl_40", 3 0, L_0x7a74658324f0;  1 drivers
v0x6184c78d5f30_0 .net *"_ivl_42", 0 0, L_0x6184c7912d30;  1 drivers
L_0x7a7465832538 .functor BUFT 1, C4<1111101000>, C4<0>, C4<0>, C4<0>;
v0x6184c78d5ff0_0 .net/2u *"_ivl_48", 9 0, L_0x7a7465832538;  1 drivers
L_0x7a7465832580 .functor BUFT 1, C4<1000>, C4<0>, C4<0>, C4<0>;
v0x6184c78d61e0_0 .net/2u *"_ivl_52", 3 0, L_0x7a7465832580;  1 drivers
L_0x7a74658325c8 .functor BUFT 1, C4<0>, C4<0>, C4<0>, C4<0>;
v0x6184c78d62c0_0 .net/2u *"_ivl_54", 0 0, L_0x7a74658325c8;  1 drivers
v0x6184c78d63a0_0 .net *"_ivl_56", 3 0, L_0x6184c7913120;  1 drivers
v0x6184c78d6480_0 .net *"_ivl_6", 0 0, L_0x6184c7911880;  1 drivers
L_0x7a7465832610 .functor BUFT 1, C4<0>, C4<0>, C4<0>, C4<0>;
v0x6184c78d6540_0 .net/2u *"_ivl_60", 0 0, L_0x7a7465832610;  1 drivers
v0x6184c78d6620_0 .net *"_ivl_62", 3 0, L_0x6184c7913440;  1 drivers
v0x6184c78d6700_0 .net *"_ivl_64", 0 0, L_0x6184c7913530;  1 drivers
v0x6184c78d67c0_0 .net *"_ivl_67", 0 0, L_0x6184c79132b0;  1 drivers
v0x6184c78d6880_0 .net *"_ivl_73", 0 0, L_0x6184c79139c0;  1 drivers
L_0x7a7465832658 .functor BUFT 1, C4<00>, C4<0>, C4<0>, C4<0>;
v0x6184c78d6940_0 .net/2u *"_ivl_74", 1 0, L_0x7a7465832658;  1 drivers
L_0x7a74658326a0 .functor BUFT 1, C4<10>, C4<0>, C4<0>, C4<0>;
v0x6184c78d6a20_0 .net/2u *"_ivl_76", 1 0, L_0x7a74658326a0;  1 drivers
L_0x7a74658326e8 .functor BUFT 1, C4<01>, C4<0>, C4<0>, C4<0>;
v0x6184c78d6b00_0 .net/2u *"_ivl_78", 1 0, L_0x7a74658326e8;  1 drivers
v0x6184c78d6be0_0 .net *"_ivl_80", 1 0, L_0x6184c7913a60;  1 drivers
v0x6184c78d6cc0_0 .net "coins", 9 0, v0x6184c78ea950_0;  alias, 1 drivers
v0x6184c78d6d80_0 .net "first_lit", 3 0, L_0x6184c7913210;  1 drivers
v0x6184c78d6e40_0 .net "idx", 2 0, L_0x6184c7912b50;  1 drivers
v0x6184c78d7130_0 .net "in_bar", 0 0, L_0x6184c7911120;  1 drivers
v0x6184c78d71f0_0 .net "in_inner", 0 0, L_0x6184c79128a0;  1 drivers
v0x6184c78d72b0_0 .net "in_seg", 0 0, L_0x6184c7912a50;  1 drivers
v0x6184c78d7370_0 .net "lit", 0 0, L_0x6184c7913750;  1 drivers
v0x6184c78d7430_0 .net "maxed", 0 0, L_0x6184c7912fc0;  1 drivers
v0x6184c78d74f0_0 .net "nfull", 2 0, L_0x6184c7912f20;  1 drivers
v0x6184c78d75d0_0 .net "px_code", 1 0, L_0x6184c7913c40;  alias, 1 drivers
v0x6184c78d76b0_0 .net "px_on", 0 0, L_0x6184c7913860;  alias, 1 drivers
v0x6184c78d7770_0 .net "ry", 9 0, L_0x6184c79129b0;  1 drivers
v0x6184c78d7850_0 .net "sy", 3 0, L_0x6184c7912c90;  1 drivers
v0x6184c78d7930_0 .net "x", 9 0, L_0x6184c7913e20;  1 drivers
v0x6184c78d7a10_0 .net "y", 9 0, L_0x6184c79140d0;  1 drivers
L_0x6184c790ef60 .cmp/gt 10, L_0x7a74658322f8, L_0x6184c7913e20;
L_0x6184c7911880 .cmp/gt 10, L_0x7a7465832340, L_0x6184c79140d0;
L_0x6184c7911a10 .cmp/ge 10, L_0x6184c7913e20, L_0x7a7465832388;
L_0x6184c7911b50 .cmp/gt 10, L_0x7a74658323d0, L_0x6184c7913e20;
L_0x6184c7912560 .cmp/ge 10, L_0x6184c79140d0, L_0x7a7465832418;
L_0x6184c79127b0 .cmp/gt 10, L_0x7a7465832460, L_0x6184c79140d0;
L_0x6184c79129b0 .arith/sub 10, L_0x6184c79140d0, L_0x7a74658324a8;
L_0x6184c7912b50 .part L_0x6184c79129b0, 4, 3;
L_0x6184c7912c90 .part L_0x6184c79129b0, 0, 4;
L_0x6184c7912d30 .cmp/gt 4, L_0x7a74658324f0, L_0x6184c7912c90;
L_0x6184c7912f20 .part v0x6184c78ea950_0, 7, 3;
L_0x6184c7912fc0 .cmp/ge 10, v0x6184c78ea950_0, L_0x7a7465832538;
L_0x6184c7913120 .concat [ 3 1 0 0], L_0x6184c7912f20, L_0x7a74658325c8;
L_0x6184c7913210 .arith/sub 4, L_0x7a7465832580, L_0x6184c7913120;
L_0x6184c7913440 .concat [ 3 1 0 0], L_0x6184c7912b50, L_0x7a7465832610;
L_0x6184c7913530 .cmp/ge 4, L_0x6184c7913440, L_0x6184c7913210;
L_0x6184c79139c0 .reduce/nor L_0x6184c7912a50;
L_0x6184c7913a60 .functor MUXZ 2, L_0x7a74658326e8, L_0x7a74658326a0, L_0x6184c7913750, C4<>;
L_0x6184c7913c40 .functor MUXZ 2, L_0x6184c7913a60, L_0x7a7465832658, L_0x6184c79139c0, C4<>;
S_0x6184c78d7bc0 .scope module, "u_dragon" "dragon_draw" 14 71, 18 2 0, S_0x6184c78d0c10;
 .timescale 0 0;
    .port_info 0 /INPUT 10 "x";
    .port_info 1 /INPUT 10 "y";
    .port_info 2 /INPUT 2 "state";
    .port_info 3 /INPUT 3 "mood_anim";
    .port_info 4 /OUTPUT 1 "px_on";
    .port_info 5 /OUTPUT 3 "px_code";
L_0x7a74658315c0 .functor BUFT 1, C4<0>, C4<0>, C4<0>, C4<0>;
v0x6184c78d7df0_0 .net/2u *"_ivl_4", 0 0, L_0x7a74658315c0;  1 drivers
v0x6184c78d7ef0_0 .net *"_ivl_6", 25 0, L_0x6184c790cdc0;  1 drivers
v0x6184c78d7fd0_0 .net "_unused", 0 0, L_0x6184c790ceb0;  1 drivers
v0x6184c78d8070_0 .net "mood_anim", 2 0, v0x6184c76698b0_0;  alias, 1 drivers
v0x6184c78d8160_0 .net "px_code", 2 0, L_0x7a7465831578;  alias, 1 drivers
v0x6184c78d8270_0 .net "px_on", 0 0, L_0x7a7465831530;  alias, 1 drivers
v0x6184c78d8330_0 .net "state", 1 0, o0x7a746587f828;  alias, 0 drivers
v0x6184c78d8410_0 .net "x", 9 0, L_0x6184c790cfa0;  1 drivers
v0x6184c78d84f0_0 .net "y", 9 0, L_0x6184c790d0e0;  1 drivers
LS_0x6184c790cdc0_0_0 .concat [ 1 3 2 10], L_0x7a74658315c0, v0x6184c76698b0_0, o0x7a746587f828, L_0x6184c790d0e0;
LS_0x6184c790cdc0_0_4 .concat [ 10 0 0 0], L_0x6184c790cfa0;
L_0x6184c790cdc0 .concat [ 16 10 0 0], LS_0x6184c790cdc0_0_0, LS_0x6184c790cdc0_0_4;
L_0x6184c790ceb0 .reduce/and L_0x6184c790cdc0;
S_0x6184c78d86d0 .scope module, "u_heartsinfo" "hearts" 14 138, 19 27 0, S_0x6184c78d0c10;
 .timescale 0 0;
    .port_info 0 /INPUT 10 "x";
    .port_info 1 /INPUT 10 "y";
    .port_info 2 /INPUT 3 "hearts";
    .port_info 3 /INPUT 1 "overflow";
    .port_info 4 /OUTPUT 1 "px_on";
    .port_info 5 /OUTPUT 2 "px_code";
P_0x6184c78d8860 .param/l "BLOCK_H" 1 19 38, C4<0000011000>;
P_0x6184c78d88a0 .param/l "CPITCH" 1 19 41, C4<0000010000>;
P_0x6184c78d88e0 .param/l "HEART_X0" 1 19 45, C4<0010010000>;
P_0x6184c78d8920 .param/l "HPITCH" 1 19 37, C4<0000100000>;
P_0x6184c78d8960 .param/l "NCHAR" 1 19 40, C4<0000001000>;
P_0x6184c78d89a0 .param/l "NHEART" 1 19 36, C4<0000000101>;
P_0x6184c78d89e0 .param/l "TEXT_W" 1 19 42, C4<0010000000>;
P_0x6184c78d8a20 .param/l "TEXT_Y" 1 19 43, C4<0000000100>;
L_0x6184c7913ec0 .functor AND 1, L_0x6184c7911780, v0x6184c78eb220_0, C4<1>, C4<1>;
L_0x6184c7914610 .functor AND 1, L_0x6184c7913ec0, L_0x6184c7914570, C4<1>, C4<1>;
L_0x6184c7914860 .functor AND 1, L_0x6184c7914610, L_0x6184c7914720, C4<1>, C4<1>;
L_0x6184c7914fc0 .functor AND 1, L_0x6184c7914860, L_0x6184c7914e70, C4<1>, C4<1>;
L_0x6184c7915120 .functor AND 1, L_0x6184c7914fc0, L_0x6184c7915230, C4<1>, C4<1>;
L_0x6184c79154d0 .functor AND 1, L_0x6184c7911780, L_0x6184c7915750, C4<1>, C4<1>;
L_0x6184c7915f50 .functor AND 1, L_0x6184c79154d0, L_0x6184c7915e10, C4<1>, C4<1>;
L_0x6184c7916260 .functor OR 1, L_0x6184c7916f80, L_0x6184c7918a50, C4<0>, C4<0>;
L_0x6184c7919330 .functor OR 1, L_0x6184c7916260, L_0x6184c7919060, C4<0>, C4<0>;
L_0x6184c79196d0 .functor AND 1, L_0x6184c7915f50, L_0x6184c7919330, C4<1>, C4<1>;
L_0x6184c7919840 .functor OR 1, L_0x6184c79196d0, L_0x6184c7915120, C4<0>, C4<0>;
L_0x7a74658327c0 .functor BUFT 1, C4<0000011000>, C4<0>, C4<0>, C4<0>;
v0x6184c78d94a0_0 .net/2u *"_ivl_0", 9 0, L_0x7a74658327c0;  1 drivers
L_0x7a7465832850 .functor BUFT 1, C4<0010000000>, C4<0>, C4<0>, C4<0>;
v0x6184c78d9580_0 .net/2u *"_ivl_10", 9 0, L_0x7a7465832850;  1 drivers
v0x6184c78d9660_0 .net *"_ivl_101", 4 0, L_0x6184c7916830;  1 drivers
L_0x7a7465832c40 .functor BUFT 1, C4<01101>, C4<0>, C4<0>, C4<0>;
v0x6184c78d9750_0 .net/2u *"_ivl_102", 4 0, L_0x7a7465832c40;  1 drivers
v0x6184c78d9830_0 .net *"_ivl_104", 4 0, L_0x6184c79166b0;  1 drivers
L_0x7a7465832c88 .functor BUFT 1, C4<01101>, C4<0>, C4<0>, C4<0>;
v0x6184c78d9960_0 .net/2u *"_ivl_106", 4 0, L_0x7a7465832c88;  1 drivers
v0x6184c78d9a40_0 .net *"_ivl_109", 4 0, L_0x6184c7916aa0;  1 drivers
v0x6184c78d9b20_0 .net *"_ivl_110", 4 0, L_0x6184c7916960;  1 drivers
v0x6184c78d9c00_0 .net *"_ivl_114", 4 0, L_0x6184c7916e40;  1 drivers
L_0x7a7465832cd0 .functor BUFT 1, C4<01010>, C4<0>, C4<0>, C4<0>;
v0x6184c78d9d70_0 .net/2u *"_ivl_116", 4 0, L_0x7a7465832cd0;  1 drivers
v0x6184c78d9e50_0 .net *"_ivl_12", 0 0, L_0x6184c7914570;  1 drivers
L_0x7a7465832d18 .functor BUFT 1, C4<01010>, C4<0>, C4<0>, C4<0>;
v0x6184c78d9f10_0 .net/2u *"_ivl_120", 4 0, L_0x7a7465832d18;  1 drivers
v0x6184c78d9ff0_0 .net *"_ivl_122", 0 0, L_0x6184c7916d30;  1 drivers
L_0x7a7465832d60 .functor BUFT 1, C4<01010>, C4<0>, C4<0>, C4<0>;
v0x6184c78da0b0_0 .net/2u *"_ivl_124", 4 0, L_0x7a7465832d60;  1 drivers
v0x6184c78da190_0 .net *"_ivl_126", 4 0, L_0x6184c79171e0;  1 drivers
L_0x7a7465832da8 .functor BUFT 1, C4<01010>, C4<0>, C4<0>, C4<0>;
v0x6184c78da270_0 .net/2u *"_ivl_128", 4 0, L_0x7a7465832da8;  1 drivers
v0x6184c78da350_0 .net *"_ivl_130", 4 0, L_0x6184c79170c0;  1 drivers
L_0x7a7465832df0 .functor BUFT 1, C4<10100>, C4<0>, C4<0>, C4<0>;
v0x6184c78da430_0 .net/2u *"_ivl_134", 4 0, L_0x7a7465832df0;  1 drivers
v0x6184c78da510_0 .net *"_ivl_136", 0 0, L_0x6184c79175e0;  1 drivers
L_0x7a7465832e38 .functor BUFT 1, C4<10100>, C4<0>, C4<0>, C4<0>;
v0x6184c78da5d0_0 .net/2u *"_ivl_138", 4 0, L_0x7a7465832e38;  1 drivers
v0x6184c78da6b0_0 .net *"_ivl_140", 4 0, L_0x6184c79177e0;  1 drivers
L_0x7a7465832e80 .functor BUFT 1, C4<10100>, C4<0>, C4<0>, C4<0>;
v0x6184c78da790_0 .net/2u *"_ivl_142", 4 0, L_0x7a7465832e80;  1 drivers
v0x6184c78da870_0 .net *"_ivl_144", 4 0, L_0x6184c79174a0;  1 drivers
v0x6184c78da950_0 .net *"_ivl_149", 4 0, L_0x6184c7917970;  1 drivers
v0x6184c78daa30_0 .net *"_ivl_15", 0 0, L_0x6184c7914610;  1 drivers
L_0x7a7465832ec8 .functor BUFT 1, C4<01000>, C4<0>, C4<0>, C4<0>;
v0x6184c78daaf0_0 .net/2u *"_ivl_150", 4 0, L_0x7a7465832ec8;  1 drivers
v0x6184c78dabd0_0 .net *"_ivl_152", 0 0, L_0x6184c7917c20;  1 drivers
v0x6184c78dac90_0 .net *"_ivl_155", 4 0, L_0x6184c7917ac0;  1 drivers
L_0x7a7465832f10 .functor BUFT 1, C4<01000>, C4<0>, C4<0>, C4<0>;
v0x6184c78dad70_0 .net/2u *"_ivl_156", 4 0, L_0x7a7465832f10;  1 drivers
v0x6184c78dae50_0 .net *"_ivl_158", 4 0, L_0x6184c7917b60;  1 drivers
L_0x7a7465832898 .functor BUFT 1, C4<0000010000>, C4<0>, C4<0>, C4<0>;
v0x6184c78daf30_0 .net/2u *"_ivl_16", 9 0, L_0x7a7465832898;  1 drivers
L_0x7a7465832f58 .functor BUFT 1, C4<01000>, C4<0>, C4<0>, C4<0>;
v0x6184c78db010_0 .net/2u *"_ivl_160", 4 0, L_0x7a7465832f58;  1 drivers
v0x6184c78db0f0_0 .net *"_ivl_163", 4 0, L_0x6184c7917d60;  1 drivers
v0x6184c78db3e0_0 .net *"_ivl_164", 4 0, L_0x6184c7917e00;  1 drivers
v0x6184c78db4c0_0 .net *"_ivl_168", 9 0, L_0x6184c7918480;  1 drivers
L_0x7a7465832fa0 .functor BUFT 1, C4<00000>, C4<0>, C4<0>, C4<0>;
v0x6184c78db5a0_0 .net *"_ivl_171", 4 0, L_0x7a7465832fa0;  1 drivers
v0x6184c78db680_0 .net *"_ivl_172", 9 0, L_0x6184c79182f0;  1 drivers
L_0x7a7465832fe8 .functor BUFT 1, C4<00000>, C4<0>, C4<0>, C4<0>;
v0x6184c78db760_0 .net *"_ivl_175", 4 0, L_0x7a7465832fe8;  1 drivers
v0x6184c78db840_0 .net *"_ivl_178", 9 0, L_0x6184c7918570;  1 drivers
v0x6184c78db920_0 .net *"_ivl_18", 0 0, L_0x6184c7914720;  1 drivers
L_0x7a7465833030 .functor BUFT 1, C4<00000>, C4<0>, C4<0>, C4<0>;
v0x6184c78db9e0_0 .net *"_ivl_181", 4 0, L_0x7a7465833030;  1 drivers
v0x6184c78dbac0_0 .net *"_ivl_182", 9 0, L_0x6184c79189b0;  1 drivers
L_0x7a7465833078 .functor BUFT 1, C4<00000>, C4<0>, C4<0>, C4<0>;
v0x6184c78dbba0_0 .net *"_ivl_185", 4 0, L_0x7a7465833078;  1 drivers
v0x6184c78dbc80_0 .net *"_ivl_187", 9 0, L_0x6184c7918800;  1 drivers
v0x6184c78dbd60_0 .net *"_ivl_188", 9 0, L_0x6184c7918c10;  1 drivers
L_0x7a74658330c0 .functor BUFT 1, C4<0000110010>, C4<0>, C4<0>, C4<0>;
v0x6184c78dbe40_0 .net/2u *"_ivl_190", 9 0, L_0x7a74658330c0;  1 drivers
v0x6184c78dbf20_0 .net *"_ivl_194", 9 0, L_0x6184c7918ed0;  1 drivers
L_0x7a7465833108 .functor BUFT 1, C4<00000>, C4<0>, C4<0>, C4<0>;
v0x6184c78dc000_0 .net *"_ivl_197", 4 0, L_0x7a7465833108;  1 drivers
v0x6184c78dc0e0_0 .net *"_ivl_198", 9 0, L_0x6184c7918d50;  1 drivers
L_0x7a7465833150 .functor BUFT 1, C4<00000>, C4<0>, C4<0>, C4<0>;
v0x6184c78dc1c0_0 .net *"_ivl_201", 4 0, L_0x7a7465833150;  1 drivers
v0x6184c78dc2a0_0 .net *"_ivl_203", 9 0, L_0x6184c7919150;  1 drivers
v0x6184c78dc380_0 .net *"_ivl_204", 9 0, L_0x6184c7918f70;  1 drivers
L_0x7a7465833198 .functor BUFT 1, C4<0000110010>, C4<0>, C4<0>, C4<0>;
v0x6184c78dc460_0 .net/2u *"_ivl_206", 9 0, L_0x7a7465833198;  1 drivers
v0x6184c78dc540_0 .net *"_ivl_211", 0 0, L_0x6184c7916260;  1 drivers
v0x6184c78dc600_0 .net *"_ivl_213", 0 0, L_0x6184c7919330;  1 drivers
L_0x7a74658331e0 .functor BUFT 1, C4<01>, C4<0>, C4<0>, C4<0>;
v0x6184c78dc6c0_0 .net/2u *"_ivl_218", 1 0, L_0x7a74658331e0;  1 drivers
L_0x7a7465833228 .functor BUFT 1, C4<10>, C4<0>, C4<0>, C4<0>;
v0x6184c78dc7a0_0 .net/2u *"_ivl_220", 1 0, L_0x7a7465833228;  1 drivers
L_0x7a74658328e0 .functor BUFT 1, C4<1100>, C4<0>, C4<0>, C4<0>;
v0x6184c78dc880_0 .net/2u *"_ivl_32", 3 0, L_0x7a74658328e0;  1 drivers
v0x6184c78dc960_0 .net *"_ivl_37", 0 0, L_0x6184c7914fc0;  1 drivers
L_0x7a7465832928 .functor BUFT 1, C4<101>, C4<0>, C4<0>, C4<0>;
v0x6184c78dca20_0 .net/2u *"_ivl_38", 2 0, L_0x7a7465832928;  1 drivers
L_0x7a7465832808 .functor BUFT 1, C4<0000000100>, C4<0>, C4<0>, C4<0>;
v0x6184c78dcb00_0 .net/2u *"_ivl_4", 9 0, L_0x7a7465832808;  1 drivers
v0x6184c78dcbe0_0 .net *"_ivl_40", 2 0, L_0x6184c7915080;  1 drivers
v0x6184c78dccc0_0 .net *"_ivl_43", 0 0, L_0x6184c7915230;  1 drivers
L_0x7a7465832970 .functor BUFT 1, C4<0010010000>, C4<0>, C4<0>, C4<0>;
v0x6184c78dcda0_0 .net/2u *"_ivl_46", 9 0, L_0x7a7465832970;  1 drivers
L_0x7a74658329b8 .functor BUFT 1, C4<0010100000>, C4<0>, C4<0>, C4<0>;
v0x6184c78dce80_0 .net/2u *"_ivl_54", 9 0, L_0x7a74658329b8;  1 drivers
v0x6184c78dd370_0 .net *"_ivl_56", 0 0, L_0x6184c7915750;  1 drivers
L_0x7a7465832a00 .functor BUFT 1, C4<0>, C4<0>, C4<0>, C4<0>;
v0x6184c78dd430_0 .net/2u *"_ivl_60", 0 0, L_0x7a7465832a00;  1 drivers
v0x6184c78dd510_0 .net *"_ivl_62", 3 0, L_0x6184c7915910;  1 drivers
L_0x7a7465832a48 .functor BUFT 1, C4<101>, C4<0>, C4<0>, C4<0>;
v0x6184c78dd5f0_0 .net/2u *"_ivl_64", 2 0, L_0x7a7465832a48;  1 drivers
v0x6184c78dd6d0_0 .net *"_ivl_66", 0 0, L_0x6184c7915a00;  1 drivers
L_0x7a7465832a90 .functor BUFT 1, C4<0101>, C4<0>, C4<0>, C4<0>;
v0x6184c78dd790_0 .net/2u *"_ivl_68", 3 0, L_0x7a7465832a90;  1 drivers
L_0x7a7465832ad8 .functor BUFT 1, C4<0>, C4<0>, C4<0>, C4<0>;
v0x6184c78dd870_0 .net/2u *"_ivl_70", 0 0, L_0x7a7465832ad8;  1 drivers
v0x6184c78dd950_0 .net *"_ivl_72", 3 0, L_0x6184c7915bd0;  1 drivers
v0x6184c78dda30_0 .net *"_ivl_74", 3 0, L_0x6184c7915c70;  1 drivers
v0x6184c78ddb10_0 .net *"_ivl_76", 0 0, L_0x6184c7915e10;  1 drivers
L_0x7a7465832b20 .functor BUFT 1, C4<01111>, C4<0>, C4<0>, C4<0>;
v0x6184c78ddbd0_0 .net/2u *"_ivl_80", 4 0, L_0x7a7465832b20;  1 drivers
v0x6184c78ddcb0_0 .net *"_ivl_82", 0 0, L_0x6184c7916060;  1 drivers
L_0x7a7465832b68 .functor BUFT 1, C4<01111>, C4<0>, C4<0>, C4<0>;
v0x6184c78ddd70_0 .net/2u *"_ivl_84", 4 0, L_0x7a7465832b68;  1 drivers
v0x6184c78dde50_0 .net *"_ivl_86", 4 0, L_0x6184c7915d10;  1 drivers
L_0x7a7465832bb0 .functor BUFT 1, C4<01111>, C4<0>, C4<0>, C4<0>;
v0x6184c78ddf30_0 .net/2u *"_ivl_88", 4 0, L_0x7a7465832bb0;  1 drivers
v0x6184c78de010_0 .net *"_ivl_9", 0 0, L_0x6184c7913ec0;  1 drivers
v0x6184c78de0d0_0 .net *"_ivl_90", 4 0, L_0x6184c7916320;  1 drivers
v0x6184c78de1b0_0 .net *"_ivl_95", 4 0, L_0x6184c7916610;  1 drivers
L_0x7a7465832bf8 .functor BUFT 1, C4<01101>, C4<0>, C4<0>, C4<0>;
v0x6184c78de290_0 .net/2u *"_ivl_96", 4 0, L_0x7a7465832bf8;  1 drivers
v0x6184c78de370_0 .net *"_ivl_98", 0 0, L_0x6184c79164a0;  1 drivers
v0x6184c78de430_0 .net "axl", 4 0, L_0x6184c7917400;  1 drivers
v0x6184c78de510_0 .net "axr", 4 0, L_0x6184c7917a20;  1 drivers
v0x6184c78de5f0_0 .net "ay", 4 0, L_0x6184c7917f70;  1 drivers
v0x6184c78de6d0_0 .net "ay_sq", 9 0, L_0x6184c7918710;  1 drivers
v0x6184c78de7b0_0 .net "cidx", 2 0, L_0x6184c7914970;  1 drivers
v0x6184c78de870_0 .net "cx", 3 0, L_0x6184c7914ab0;  1 drivers
v0x6184c78de930_0 .net "cy", 3 0, L_0x6184c7914b50;  1 drivers
v0x6184c78dea10_0 .net "diamond", 0 0, L_0x6184c7916f80;  1 drivers
v0x6184c78dead0_0 .net "dxd", 4 0, L_0x6184c79161a0;  1 drivers
v0x6184c78debb0_0 .net "dyd", 4 0, L_0x6184c7916c90;  1 drivers
v0x6184c78dec90_0 .net "gcol", 2 0, L_0x6184c7914bf0;  1 drivers
v0x6184c78ded70_0 .net "grow", 2 0, L_0x6184c7914d30;  1 drivers
v0x6184c78dee60_0 .net "grow_bits", 5 0, v0x6184c78d9180_0;  1 drivers
v0x6184c78def30_0 .net "heart_px", 0 0, L_0x6184c79196d0;  1 drivers
v0x6184c78defd0_0 .net "hearts", 2 0, v0x6184c78eafb0_0;  alias, 1 drivers
v0x6184c78df0b0_0 .net "hidx", 2 0, L_0x6184c7915540;  1 drivers
v0x6184c78df190_0 .net "hx", 9 0, L_0x6184c7915430;  1 drivers
v0x6184c78df270_0 .net "in_block", 0 0, L_0x6184c7911780;  1 drivers
v0x6184c78df330_0 .net "in_glyph", 0 0, L_0x6184c7914e70;  1 drivers
v0x6184c78df3f0_0 .net "in_row", 0 0, L_0x6184c79154d0;  1 drivers
v0x6184c78df4b0_0 .net "in_text_band", 0 0, L_0x6184c7914860;  1 drivers
v0x6184c78df570_0 .net "lobe_l", 0 0, L_0x6184c7918a50;  1 drivers
v0x6184c78df630_0 .net "lobe_r", 0 0, L_0x6184c7919060;  1 drivers
v0x6184c78df6f0_0 .net "overflow", 0 0, v0x6184c78eb220_0;  alias, 1 drivers
v0x6184c78df7b0_0 .net "px_code", 1 0, L_0x6184c7919950;  alias, 1 drivers
v0x6184c78df890_0 .net "px_on", 0 0, L_0x6184c7919840;  alias, 1 drivers
v0x6184c78df950_0 .net "slot_on", 0 0, L_0x6184c7915f50;  1 drivers
v0x6184c78dfa10_0 .net "sx", 4 0, L_0x6184c79156b0;  1 drivers
v0x6184c78dfaf0_0 .net "text_px", 0 0, L_0x6184c7915120;  1 drivers
v0x6184c78dfbb0_0 .net "ty", 9 0, L_0x6184c79143e0;  1 drivers
v0x6184c78dfc90_0 .net "x", 9 0, L_0x6184c7919ae0;  1 drivers
v0x6184c78dfd70_0 .net "y", 9 0, L_0x6184c7919c40;  1 drivers
L_0x6184c7911780 .cmp/gt 10, L_0x7a74658327c0, L_0x6184c7919c40;
L_0x6184c79143e0 .arith/sub 10, L_0x6184c7919c40, L_0x7a7465832808;
L_0x6184c7914570 .cmp/gt 10, L_0x7a7465832850, L_0x6184c7919ae0;
L_0x6184c7914720 .cmp/gt 10, L_0x7a7465832898, L_0x6184c79143e0;
L_0x6184c7914970 .part L_0x6184c7919ae0, 4, 3;
L_0x6184c7914ab0 .part L_0x6184c7919ae0, 0, 4;
L_0x6184c7914b50 .part L_0x6184c79143e0, 0, 4;
L_0x6184c7914bf0 .part L_0x6184c7914ab0, 1, 3;
L_0x6184c7914d30 .part L_0x6184c7914b50, 1, 3;
L_0x6184c7914e70 .cmp/gt 4, L_0x7a74658328e0, L_0x6184c7914ab0;
L_0x6184c7915080 .arith/sub 3, L_0x7a7465832928, L_0x6184c7914bf0;
L_0x6184c7915230 .part/v v0x6184c78d9180_0, L_0x6184c7915080, 1;
L_0x6184c7915430 .arith/sub 10, L_0x6184c7919ae0, L_0x7a7465832970;
L_0x6184c7915540 .part L_0x6184c7915430, 5, 3;
L_0x6184c79156b0 .part L_0x6184c7915430, 0, 5;
L_0x6184c7915750 .cmp/gt 10, L_0x7a74658329b8, L_0x6184c7915430;
L_0x6184c7915910 .concat [ 3 1 0 0], L_0x6184c7915540, L_0x7a7465832a00;
L_0x6184c7915a00 .cmp/gt 3, v0x6184c78eafb0_0, L_0x7a7465832a48;
L_0x6184c7915bd0 .concat [ 3 1 0 0], v0x6184c78eafb0_0, L_0x7a7465832ad8;
L_0x6184c7915c70 .functor MUXZ 4, L_0x6184c7915bd0, L_0x7a7465832a90, L_0x6184c7915a00, C4<>;
L_0x6184c7915e10 .cmp/gt 4, L_0x6184c7915c70, L_0x6184c7915910;
L_0x6184c7916060 .cmp/ge 5, L_0x6184c79156b0, L_0x7a7465832b20;
L_0x6184c7915d10 .arith/sub 5, L_0x6184c79156b0, L_0x7a7465832b68;
L_0x6184c7916320 .arith/sub 5, L_0x7a7465832bb0, L_0x6184c79156b0;
L_0x6184c79161a0 .functor MUXZ 5, L_0x6184c7916320, L_0x6184c7915d10, L_0x6184c7916060, C4<>;
L_0x6184c7916610 .part L_0x6184c7919c40, 0, 5;
L_0x6184c79164a0 .cmp/ge 5, L_0x6184c7916610, L_0x7a7465832bf8;
L_0x6184c7916830 .part L_0x6184c7919c40, 0, 5;
L_0x6184c79166b0 .arith/sub 5, L_0x6184c7916830, L_0x7a7465832c40;
L_0x6184c7916aa0 .part L_0x6184c7919c40, 0, 5;
L_0x6184c7916960 .arith/sub 5, L_0x7a7465832c88, L_0x6184c7916aa0;
L_0x6184c7916c90 .functor MUXZ 5, L_0x6184c7916960, L_0x6184c79166b0, L_0x6184c79164a0, C4<>;
L_0x6184c7916e40 .arith/sum 5, L_0x6184c79161a0, L_0x6184c7916c90;
L_0x6184c7916f80 .cmp/ge 5, L_0x7a7465832cd0, L_0x6184c7916e40;
L_0x6184c7916d30 .cmp/ge 5, L_0x6184c79156b0, L_0x7a7465832d18;
L_0x6184c79171e0 .arith/sub 5, L_0x6184c79156b0, L_0x7a7465832d60;
L_0x6184c79170c0 .arith/sub 5, L_0x7a7465832da8, L_0x6184c79156b0;
L_0x6184c7917400 .functor MUXZ 5, L_0x6184c79170c0, L_0x6184c79171e0, L_0x6184c7916d30, C4<>;
L_0x6184c79175e0 .cmp/ge 5, L_0x6184c79156b0, L_0x7a7465832df0;
L_0x6184c79177e0 .arith/sub 5, L_0x6184c79156b0, L_0x7a7465832e38;
L_0x6184c79174a0 .arith/sub 5, L_0x7a7465832e80, L_0x6184c79156b0;
L_0x6184c7917a20 .functor MUXZ 5, L_0x6184c79174a0, L_0x6184c79177e0, L_0x6184c79175e0, C4<>;
L_0x6184c7917970 .part L_0x6184c7919c40, 0, 5;
L_0x6184c7917c20 .cmp/ge 5, L_0x6184c7917970, L_0x7a7465832ec8;
L_0x6184c7917ac0 .part L_0x6184c7919c40, 0, 5;
L_0x6184c7917b60 .arith/sub 5, L_0x6184c7917ac0, L_0x7a7465832f10;
L_0x6184c7917d60 .part L_0x6184c7919c40, 0, 5;
L_0x6184c7917e00 .arith/sub 5, L_0x7a7465832f58, L_0x6184c7917d60;
L_0x6184c7917f70 .functor MUXZ 5, L_0x6184c7917e00, L_0x6184c7917b60, L_0x6184c7917c20, C4<>;
L_0x6184c7918480 .concat [ 5 5 0 0], L_0x6184c7917f70, L_0x7a7465832fa0;
L_0x6184c79182f0 .concat [ 5 5 0 0], L_0x6184c7917f70, L_0x7a7465832fe8;
L_0x6184c7918710 .arith/mult 10, L_0x6184c7918480, L_0x6184c79182f0;
L_0x6184c7918570 .concat [ 5 5 0 0], L_0x6184c7917400, L_0x7a7465833030;
L_0x6184c79189b0 .concat [ 5 5 0 0], L_0x6184c7917400, L_0x7a7465833078;
L_0x6184c7918800 .arith/mult 10, L_0x6184c7918570, L_0x6184c79189b0;
L_0x6184c7918c10 .arith/sum 10, L_0x6184c7918800, L_0x6184c7918710;
L_0x6184c7918a50 .cmp/ge 10, L_0x7a74658330c0, L_0x6184c7918c10;
L_0x6184c7918ed0 .concat [ 5 5 0 0], L_0x6184c7917a20, L_0x7a7465833108;
L_0x6184c7918d50 .concat [ 5 5 0 0], L_0x6184c7917a20, L_0x7a7465833150;
L_0x6184c7919150 .arith/mult 10, L_0x6184c7918ed0, L_0x6184c7918d50;
L_0x6184c7918f70 .arith/sum 10, L_0x6184c7919150, L_0x6184c7918710;
L_0x6184c7919060 .cmp/ge 10, L_0x7a7465833198, L_0x6184c7918f70;
L_0x6184c7919950 .functor MUXZ 2, L_0x7a7465833228, L_0x7a74658331e0, L_0x6184c79196d0, C4<>;
S_0x6184c78d8e90 .scope module, "u_glyph" "glyph_rom" 19 65, 19 107 0, S_0x6184c78d86d0;
 .timescale 0 0;
    .port_info 0 /INPUT 3 "chr";
    .port_info 1 /INPUT 3 "row";
    .port_info 2 /OUTPUT 6 "bits";
v0x6184c78d9180_0 .var "bits", 5 0;
v0x6184c78d9280_0 .net "chr", 2 0, L_0x6184c7914970;  alias, 1 drivers
v0x6184c78d9360_0 .net "row", 2 0, L_0x6184c7914d30;  alias, 1 drivers
E_0x6184c78d9100 .event anyedge, v0x6184c78d9280_0, v0x6184c78d9360_0;
S_0x6184c78dff50 .scope module, "u_satbar" "satisfactionbar" 14 118, 20 5 0, S_0x6184c78d0c10;
 .timescale 0 0;
    .port_info 0 /INPUT 10 "x";
    .port_info 1 /INPUT 10 "y";
    .port_info 2 /INPUT 3 "sat";
    .port_info 3 /OUTPUT 1 "px_on";
    .port_info 4 /OUTPUT 3 "px_code";
P_0x6184c78e00e0 .param/l "BAR_H" 1 20 33, C4<0000011000>;
P_0x6184c78e0120 .param/l "BAR_W" 1 20 32, C4<0010100010>;
P_0x6184c78e0160 .param/l "CURSOR_MODE" 1 20 21, C4<1>;
P_0x6184c78e01a0 .param/l "FRAME" 1 20 25, C4<0000000011>;
P_0x6184c78e01e0 .param/l "NSEG" 1 20 24, C4<0000000101>;
P_0x6184c78e0220 .param/l "PITCH" 1 20 26, C4<0000100000>;
P_0x6184c78e0260 .param/l "RING" 1 20 29, C4<0000000010>;
P_0x6184c78e02a0 .param/l "SEG_H" 1 20 28, C4<0000010010>;
P_0x6184c78e02e0 .param/l "SEG_W" 1 20 27, C4<0000011100>;
L_0x6184c790f230 .functor AND 1, L_0x6184c790f050, L_0x6184c790f140, C4<1>, C4<1>;
L_0x6184c790f570 .functor AND 1, L_0x6184c790f340, L_0x6184c790f480, C4<1>, C4<1>;
L_0x6184c790f7c0 .functor AND 1, L_0x6184c790f570, L_0x6184c790f680, C4<1>, C4<1>;
L_0x6184c790fa00 .functor AND 1, L_0x6184c790f7c0, L_0x6184c790f8d0, C4<1>, C4<1>;
L_0x6184c790fbb0 .functor AND 1, L_0x6184c790fa00, L_0x6184c790fe00, C4<1>, C4<1>;
L_0x6184c7910130 .functor AND 1, L_0x6184c790fbb0, L_0x6184c790fff0, C4<1>, C4<1>;
L_0x7a7465831fe0 .functor BUFT 1, C4<1>, C4<0>, C4<0>, C4<0>;
L_0x6184c7910460 .functor AND 1, L_0x7a7465831fe0, L_0x6184c7910130, C4<1>, C4<1>;
L_0x6184c7910520 .functor AND 1, L_0x6184c7910460, L_0x6184c7910240, C4<1>, C4<1>;
L_0x6184c79103f0 .functor OR 1, L_0x6184c7910680, L_0x6184c7910770, C4<0>, C4<0>;
L_0x6184c7910ab0 .functor OR 1, L_0x6184c79103f0, L_0x6184c7910930, C4<0>, C4<0>;
L_0x6184c7910810 .functor OR 1, L_0x6184c7910ab0, L_0x6184c7910bd0, C4<0>, C4<0>;
L_0x6184c7910da0 .functor AND 1, L_0x6184c7910520, L_0x6184c7910810, C4<1>, C4<1>;
L_0x6184c7910f20 .functor BUFZ 1, L_0x6184c790f230, C4<0>, C4<0>, C4<0>;
L_0x6184c791afa0 .functor BUFT 3, L_0x6184c7911080, C4<000>, C4<000>, C4<000>;
L_0x7a7465831d58 .functor BUFT 1, C4<0010100010>, C4<0>, C4<0>, C4<0>;
v0x6184c78e07d0_0 .net/2u *"_ivl_0", 9 0, L_0x7a7465831d58;  1 drivers
L_0x7a7465831de8 .functor BUFT 1, C4<0000000011>, C4<0>, C4<0>, C4<0>;
v0x6184c78e08d0_0 .net/2u *"_ivl_10", 9 0, L_0x7a7465831de8;  1 drivers
v0x6184c78e09b0_0 .net *"_ivl_100", 2 0, L_0x6184c791afa0;  1 drivers
v0x6184c78e0aa0_0 .net *"_ivl_102", 2 0, L_0x6184c79112c0;  1 drivers
v0x6184c78e0b80_0 .net *"_ivl_12", 0 0, L_0x6184c790f340;  1 drivers
L_0x7a7465831e30 .functor BUFT 1, C4<0010011111>, C4<0>, C4<0>, C4<0>;
v0x6184c78e0c90_0 .net/2u *"_ivl_14", 9 0, L_0x7a7465831e30;  1 drivers
v0x6184c78e0d70_0 .net *"_ivl_16", 0 0, L_0x6184c790f480;  1 drivers
v0x6184c78e0e30_0 .net *"_ivl_19", 0 0, L_0x6184c790f570;  1 drivers
v0x6184c78e0ef0_0 .net *"_ivl_2", 0 0, L_0x6184c790f050;  1 drivers
L_0x7a7465831e78 .functor BUFT 1, C4<0000000011>, C4<0>, C4<0>, C4<0>;
v0x6184c78e0fb0_0 .net/2u *"_ivl_20", 9 0, L_0x7a7465831e78;  1 drivers
v0x6184c78e1090_0 .net *"_ivl_22", 0 0, L_0x6184c790f680;  1 drivers
v0x6184c78e1150_0 .net *"_ivl_25", 0 0, L_0x6184c790f7c0;  1 drivers
L_0x7a7465831ec0 .functor BUFT 1, C4<0000010101>, C4<0>, C4<0>, C4<0>;
v0x6184c78e1210_0 .net/2u *"_ivl_26", 9 0, L_0x7a7465831ec0;  1 drivers
v0x6184c78e12f0_0 .net *"_ivl_28", 0 0, L_0x6184c790f8d0;  1 drivers
L_0x7a7465831f08 .functor BUFT 1, C4<0000000011>, C4<0>, C4<0>, C4<0>;
v0x6184c78e13b0_0 .net/2u *"_ivl_32", 9 0, L_0x7a7465831f08;  1 drivers
L_0x7a7465831da0 .functor BUFT 1, C4<0000011000>, C4<0>, C4<0>, C4<0>;
v0x6184c78e1490_0 .net/2u *"_ivl_4", 9 0, L_0x7a7465831da0;  1 drivers
L_0x7a7465831f50 .functor BUFT 1, C4<11100>, C4<0>, C4<0>, C4<0>;
v0x6184c78e1570_0 .net/2u *"_ivl_40", 4 0, L_0x7a7465831f50;  1 drivers
v0x6184c78e1650_0 .net *"_ivl_42", 0 0, L_0x6184c790fe00;  1 drivers
v0x6184c78e1710_0 .net *"_ivl_45", 0 0, L_0x6184c790fbb0;  1 drivers
L_0x7a7465831f98 .functor BUFT 1, C4<101>, C4<0>, C4<0>, C4<0>;
v0x6184c78e17d0_0 .net/2u *"_ivl_46", 2 0, L_0x7a7465831f98;  1 drivers
v0x6184c78e18b0_0 .net *"_ivl_48", 0 0, L_0x6184c790fff0;  1 drivers
v0x6184c78e1970_0 .net/2u *"_ivl_54", 0 0, L_0x7a7465831fe0;  1 drivers
v0x6184c78e1a50_0 .net *"_ivl_57", 0 0, L_0x6184c7910460;  1 drivers
v0x6184c78e1b10_0 .net *"_ivl_59", 0 0, L_0x6184c7910520;  1 drivers
v0x6184c78e1bd0_0 .net *"_ivl_6", 0 0, L_0x6184c790f140;  1 drivers
L_0x7a7465832028 .functor BUFT 1, C4<00010>, C4<0>, C4<0>, C4<0>;
v0x6184c78e1c90_0 .net/2u *"_ivl_60", 4 0, L_0x7a7465832028;  1 drivers
v0x6184c78e1d70_0 .net *"_ivl_62", 0 0, L_0x6184c7910680;  1 drivers
L_0x7a7465832070 .functor BUFT 1, C4<11010>, C4<0>, C4<0>, C4<0>;
v0x6184c78e1e30_0 .net/2u *"_ivl_64", 4 0, L_0x7a7465832070;  1 drivers
v0x6184c78e1f10_0 .net *"_ivl_66", 0 0, L_0x6184c7910770;  1 drivers
v0x6184c78e1fd0_0 .net *"_ivl_69", 0 0, L_0x6184c79103f0;  1 drivers
L_0x7a74658320b8 .functor BUFT 1, C4<0000000101>, C4<0>, C4<0>, C4<0>;
v0x6184c78e2090_0 .net/2u *"_ivl_70", 9 0, L_0x7a74658320b8;  1 drivers
v0x6184c78e2170_0 .net *"_ivl_72", 0 0, L_0x6184c7910930;  1 drivers
v0x6184c78e2230_0 .net *"_ivl_75", 0 0, L_0x6184c7910ab0;  1 drivers
L_0x7a7465832100 .functor BUFT 1, C4<0000010011>, C4<0>, C4<0>, C4<0>;
v0x6184c78e22f0_0 .net/2u *"_ivl_76", 9 0, L_0x7a7465832100;  1 drivers
v0x6184c78e23d0_0 .net *"_ivl_78", 0 0, L_0x6184c7910bd0;  1 drivers
v0x6184c78e2490_0 .net *"_ivl_81", 0 0, L_0x6184c7910810;  1 drivers
v0x6184c78e2550_0 .net *"_ivl_89", 0 0, L_0x6184c7910fe0;  1 drivers
L_0x7a7465832190 .functor BUFT 1, C4<000>, C4<0>, C4<0>, C4<0>;
v0x6184c78e2610_0 .net/2u *"_ivl_90", 2 0, L_0x7a7465832190;  1 drivers
L_0x7a74658321d8 .functor BUFT 1, C4<110>, C4<0>, C4<0>, C4<0>;
v0x6184c78e26f0_0 .net/2u *"_ivl_92", 2 0, L_0x7a74658321d8;  1 drivers
L_0x7a7465832220 .functor BUFT 1, C4<001>, C4<0>, C4<0>, C4<0>;
v0x6184c78e27d0_0 .net/2u *"_ivl_94", 2 0, L_0x7a7465832220;  1 drivers
v0x6184c78e28b0_0 .net *"_ivl_96", 2 0, L_0x6184c7911080;  1 drivers
L_0x7a7465832148 .functor BUFT 1, C4<1>, C4<0>, C4<0>, C4<0>;
v0x6184c78e2990_0 .net "coloured", 0 0, L_0x7a7465832148;  1 drivers
v0x6184c78e2a50_0 .net "idx", 2 0, L_0x6184c790fc20;  1 drivers
v0x6184c78e2b30_0 .net "in_bar", 0 0, L_0x6184c790f230;  1 drivers
v0x6184c78e2bf0_0 .net "in_inner", 0 0, L_0x6184c790fa00;  1 drivers
v0x6184c78e2cb0_0 .net "in_seg", 0 0, L_0x6184c7910130;  1 drivers
v0x6184c78e2d70_0 .net "px_code", 2 0, L_0x6184c79113b0;  alias, 1 drivers
v0x6184c78e2e50_0 .net "px_on", 0 0, L_0x6184c7910f20;  alias, 1 drivers
v0x6184c78e2f10_0 .net "ring", 0 0, L_0x6184c7910da0;  1 drivers
v0x6184c78e2fd0_0 .net "rx", 9 0, L_0x6184c790fb10;  1 drivers
v0x6184c78e30b0_0 .net "sat", 2 0, v0x6184c78ebba0_0;  alias, 1 drivers
v0x6184c78e3170_0 .net "selected", 0 0, L_0x6184c7910240;  1 drivers
v0x6184c78e3230_0 .net "sx", 4 0, L_0x6184c790fd60;  1 drivers
v0x6184c78e3310_0 .net "x", 9 0, L_0x6184c79115a0;  1 drivers
v0x6184c78e33f0_0 .net "y", 9 0, L_0x6184c7911690;  1 drivers
L_0x6184c790f050 .cmp/gt 10, L_0x7a7465831d58, L_0x6184c79115a0;
L_0x6184c790f140 .cmp/gt 10, L_0x7a7465831da0, L_0x6184c7911690;
L_0x6184c790f340 .cmp/ge 10, L_0x6184c79115a0, L_0x7a7465831de8;
L_0x6184c790f480 .cmp/gt 10, L_0x7a7465831e30, L_0x6184c79115a0;
L_0x6184c790f680 .cmp/ge 10, L_0x6184c7911690, L_0x7a7465831e78;
L_0x6184c790f8d0 .cmp/gt 10, L_0x7a7465831ec0, L_0x6184c7911690;
L_0x6184c790fb10 .arith/sub 10, L_0x6184c79115a0, L_0x7a7465831f08;
L_0x6184c790fc20 .part L_0x6184c790fb10, 5, 3;
L_0x6184c790fd60 .part L_0x6184c790fb10, 0, 5;
L_0x6184c790fe00 .cmp/gt 5, L_0x7a7465831f50, L_0x6184c790fd60;
L_0x6184c790fff0 .cmp/gt 3, L_0x7a7465831f98, L_0x6184c790fc20;
L_0x6184c7910240 .cmp/eq 3, L_0x6184c790fc20, v0x6184c78ebba0_0;
L_0x6184c7910680 .cmp/gt 5, L_0x7a7465832028, L_0x6184c790fd60;
L_0x6184c7910770 .cmp/ge 5, L_0x6184c790fd60, L_0x7a7465832070;
L_0x6184c7910930 .cmp/gt 10, L_0x7a74658320b8, L_0x6184c7911690;
L_0x6184c7910bd0 .cmp/ge 10, L_0x6184c7911690, L_0x7a7465832100;
L_0x6184c7910fe0 .reduce/nor L_0x6184c7910130;
L_0x6184c7911080 .arith/sum 3, L_0x6184c790fc20, L_0x7a7465832220;
L_0x6184c79112c0 .functor MUXZ 3, L_0x6184c791afa0, L_0x7a74658321d8, L_0x6184c7910da0, C4<>;
L_0x6184c79113b0 .functor MUXZ 3, L_0x6184c79112c0, L_0x7a7465832190, L_0x6184c7910fe0, C4<>;
S_0x6184c78e9100 .scope module, "u_state" "dragon_state" 6 94, 21 6 0, S_0x6184c77f5140;
 .timescale 0 0;
    .port_info 0 /INPUT 1 "clk";
    .port_info 1 /INPUT 1 "rst_n";
    .port_info 2 /INPUT 1 "frame_tick";
    .port_info 3 /INPUT 1 "restart";
    .port_info 4 /INPUT 1 "req_heart_gain";
    .port_info 5 /INPUT 1 "req_heart_lose";
    .port_info 6 /INPUT 1 "req_sat_up";
    .port_info 7 /INPUT 1 "req_sat_down";
    .port_info 8 /INPUT 1 "req_coins_add";
    .port_info 9 /INPUT 10 "coins_amount";
    .port_info 10 /INPUT 1 "req_heart_lose_chest";
    .port_info 11 /INPUT 1 "req_evolve";
    .port_info 12 /OUTPUT 3 "hearts";
    .port_info 13 /OUTPUT 3 "satisfaction";
    .port_info 14 /OUTPUT 10 "coins";
    .port_info 15 /OUTPUT 3 "level";
    .port_info 16 /OUTPUT 1 "game_over";
    .port_info 17 /OUTPUT 1 "you_win";
    .port_info 18 /OUTPUT 1 "overflow";
    .port_info 19 /OUTPUT 1 "evolve_now";
P_0x6184c78e92e0 .param/l "COIN_CAP" 1 21 35, C4<1111100111>;
P_0x6184c78e9320 .param/l "FORM_A" 1 21 36, C4<011>;
P_0x6184c78e9360 .param/l "FORM_B" 1 21 37, C4<111>;
P_0x6184c78e93a0 .param/l "MAX_HEARTS" 1 21 32, C4<101>;
P_0x6184c78e93e0 .param/l "MAX_LEVEL" 1 21 34, C4<111>;
P_0x6184c78e9420 .param/l "MAX_SAT" 1 21 33, C4<100>;
L_0x6184c7909780 .functor AND 1, v0x6184c78c7e70_0, L_0x6184c7909ec0, C4<1>, C4<1>;
L_0x6184c7909fe0 .functor OR 1, v0x6184c78c7db0_0, v0x6184c78cc540_0, C4<0>, C4<0>;
L_0x6184c790a050 .functor OR 1, L_0x6184c7909fe0, L_0x6184c7909780, C4<0>, C4<0>;
L_0x6184c790a280 .functor AND 1, v0x6184c78ce260_0, L_0x6184c790a190, C4<1>, C4<1>;
L_0x6184c790a8b0 .functor OR 1, L_0x6184c790a490, L_0x6184c790a770, C4<0>, C4<0>;
L_0x6184c790a9c0 .functor AND 1, L_0x6184c790a280, L_0x6184c790a8b0, C4<1>, C4<1>;
v0x6184c78e9a20_0 .net *"_ivl_12", 0 0, L_0x6184c790a190;  1 drivers
v0x6184c78e9b00_0 .net *"_ivl_16", 31 0, L_0x6184c790a370;  1 drivers
L_0x7a74658310b0 .functor BUFT 1, C4<00000000000000000000000000000>, C4<0>, C4<0>, C4<0>;
v0x6184c78e9be0_0 .net *"_ivl_19", 28 0, L_0x7a74658310b0;  1 drivers
L_0x7a7465831068 .functor BUFT 1, C4<000>, C4<0>, C4<0>, C4<0>;
v0x6184c78e9ca0_0 .net/2u *"_ivl_2", 2 0, L_0x7a7465831068;  1 drivers
L_0x7a74658310f8 .functor BUFT 1, C4<00000000000000000000000000000010>, C4<0>, C4<0>, C4<0>;
v0x6184c78e9d80_0 .net/2u *"_ivl_20", 31 0, L_0x7a74658310f8;  1 drivers
v0x6184c78e9eb0_0 .net *"_ivl_22", 0 0, L_0x6184c790a490;  1 drivers
v0x6184c78e9f70_0 .net *"_ivl_24", 31 0, L_0x6184c790a600;  1 drivers
L_0x7a7465831140 .functor BUFT 1, C4<00000000000000000000000000000>, C4<0>, C4<0>, C4<0>;
v0x6184c78ea050_0 .net *"_ivl_27", 28 0, L_0x7a7465831140;  1 drivers
L_0x7a7465831188 .functor BUFT 1, C4<00000000000000000000000000000110>, C4<0>, C4<0>, C4<0>;
v0x6184c78ea130_0 .net/2u *"_ivl_28", 31 0, L_0x7a7465831188;  1 drivers
v0x6184c78ea210_0 .net *"_ivl_30", 0 0, L_0x6184c790a770;  1 drivers
v0x6184c78ea2d0_0 .net *"_ivl_33", 0 0, L_0x6184c790a8b0;  1 drivers
L_0x7a74658311d0 .functor BUFT 1, C4<0>, C4<0>, C4<0>, C4<0>;
v0x6184c78ea390_0 .net/2u *"_ivl_36", 0 0, L_0x7a74658311d0;  1 drivers
v0x6184c78ea470_0 .net *"_ivl_38", 10 0, L_0x6184c790ab10;  1 drivers
v0x6184c78ea550_0 .net *"_ivl_4", 0 0, L_0x6184c7909ec0;  1 drivers
L_0x7a7465831218 .functor BUFT 1, C4<0>, C4<0>, C4<0>, C4<0>;
v0x6184c78ea610_0 .net/2u *"_ivl_40", 0 0, L_0x7a7465831218;  1 drivers
v0x6184c78ea6f0_0 .net *"_ivl_42", 10 0, L_0x6184c790b060;  1 drivers
v0x6184c78ea7d0_0 .net *"_ivl_8", 0 0, L_0x6184c7909fe0;  1 drivers
v0x6184c78ea8b0_0 .net "clk", 0 0, o0x7a746587b538;  alias, 0 drivers
v0x6184c78ea950_0 .var "coins", 9 0;
v0x6184c78eaa10_0 .net "coins_amount", 9 0, v0x6184c78cc300_0;  alias, 1 drivers
v0x6184c78eaad0_0 .net "coins_sum", 10 0, L_0x6184c790b150;  1 drivers
v0x6184c78eab90_0 .net "do_evolve", 0 0, L_0x6184c790a280;  1 drivers
v0x6184c78eac50_0 .net "evolve_now", 0 0, L_0x6184c7909d60;  alias, 1 drivers
v0x6184c78eacf0_0 .var "evolve_price", 9 0;
v0x6184c78eadd0_0 .net "frame_tick", 0 0, L_0x6184c7905700;  alias, 1 drivers
v0x6184c78eae70_0 .var "game_over", 0 0;
v0x6184c78eaf10_0 .net "heal_up", 0 0, L_0x6184c790a9c0;  1 drivers
v0x6184c78eafb0_0 .var "hearts", 2 0;
v0x6184c78eb0c0_0 .var "level", 2 0;
v0x6184c78eb180_0 .net "lose_any", 0 0, L_0x6184c790a050;  1 drivers
v0x6184c78eb220_0 .var "overflow", 0 0;
v0x6184c78eb310_0 .var "overflow_timer", 6 0;
v0x6184c78eb3f0_0 .net "req_coins_add", 0 0, v0x6184c78cc4a0_0;  alias, 1 drivers
v0x6184c78eb490_0 .net "req_evolve", 0 0, v0x6184c78ce260_0;  alias, 1 drivers
v0x6184c78eb560_0 .net "req_heart_gain", 0 0, v0x6184c78c7cf0_0;  alias, 1 drivers
v0x6184c78eb630_0 .net "req_heart_lose", 0 0, v0x6184c78c7db0_0;  alias, 1 drivers
v0x6184c78eb700_0 .net "req_heart_lose_chest", 0 0, v0x6184c78cc540_0;  alias, 1 drivers
v0x6184c78eb7d0_0 .net "req_sat_down", 0 0, v0x6184c78c7e70_0;  alias, 1 drivers
v0x6184c78eb8a0_0 .net "req_sat_up", 0 0, v0x6184c78c7f30_0;  alias, 1 drivers
v0x6184c78eb970_0 .net "restart", 0 0, v0x6184c78ce410_0;  alias, 1 drivers
v0x6184c78eba60_0 .net "rst_n", 0 0, o0x7a746587b688;  alias, 0 drivers
v0x6184c78ebb00_0 .net "sat_floor_hit", 0 0, L_0x6184c7909780;  1 drivers
v0x6184c78ebba0_0 .var "satisfaction", 2 0;
v0x6184c78ebc40_0 .var "you_win", 0 0;
E_0x6184c78d2b70 .event anyedge, v0x6184c78e7dc0_0;
L_0x6184c7909d60 .cmp/ge 10, v0x6184c78ea950_0, v0x6184c78eacf0_0;
L_0x6184c7909ec0 .cmp/eq 3, v0x6184c78ebba0_0, L_0x7a7465831068;
L_0x6184c790a190 .cmp/ge 10, v0x6184c78ea950_0, v0x6184c78eacf0_0;
L_0x6184c790a370 .concat [ 3 29 0 0], v0x6184c78eb0c0_0, L_0x7a74658310b0;
L_0x6184c790a490 .cmp/eq 32, L_0x6184c790a370, L_0x7a74658310f8;
L_0x6184c790a600 .concat [ 3 29 0 0], v0x6184c78eb0c0_0, L_0x7a7465831140;
L_0x6184c790a770 .cmp/eq 32, L_0x6184c790a600, L_0x7a7465831188;
L_0x6184c790ab10 .concat [ 10 1 0 0], v0x6184c78ea950_0, L_0x7a74658311d0;
L_0x6184c790b060 .concat [ 10 1 0 0], v0x6184c78cc300_0, L_0x7a7465831218;
L_0x6184c790b150 .arith/sum 11, L_0x6184c790ab10, L_0x6184c790b060;
    .scope S_0x6184c7883e40;
T_0 ;
    %wait E_0x6184c76bb310;
    %load/vec4 v0x6184c783b4a0_0;
    %nor/r;
    %flag_set/vec4 8;
    %jmp/0xz  T_0.0, 8;
    %pushi/vec4 0, 0, 1;
    %assign/vec4 v0x6184c783efc0_0, 0;
T_0.0 ;
    %jmp T_0;
    .thread T_0;
    .scope S_0x6184c788fce0;
T_1 ;
    %wait E_0x6184c76bbbf0;
    %pushi/vec4 0, 0, 2;
    %store/vec4 v0x6184c7879020_0, 0, 2;
    %load/vec4 v0x6184c7859cf0_0;
    %cmpi/u 4, 0, 5;
    %flag_inv 5; GE is !LT
    %flag_get/vec4 5;
    %jmp/0 T_1.3, 5;
    %load/vec4 v0x6184c7859cf0_0;
    %cmpi/u 20, 0, 5;
    %flag_get/vec4 5;
    %and;
T_1.3;
    %flag_set/vec4 9;
    %flag_get/vec4 9;
    %jmp/0 T_1.2, 9;
    %load/vec4 v0x6184c766b470_0;
    %cmpi/u 24, 0, 5;
    %flag_get/vec4 5;
    %and;
T_1.2;
    %flag_set/vec4 8;
    %jmp/0xz  T_1.0, 8;
    %load/vec4 v0x6184c7859cf0_0;
    %cmpi/e 4, 0, 5;
    %jmp/1 T_1.8, 4;
    %flag_mov 8, 4;
    %load/vec4 v0x6184c7859cf0_0;
    %cmpi/e 19, 0, 5;
    %flag_or 4, 8;
T_1.8;
    %jmp/1 T_1.7, 4;
    %flag_mov 8, 4;
    %load/vec4 v0x6184c766b470_0;
    %cmpi/e 0, 0, 5;
    %flag_or 4, 8;
T_1.7;
    %jmp/1 T_1.6, 4;
    %flag_mov 8, 4;
    %load/vec4 v0x6184c766b470_0;
    %cmpi/e 23, 0, 5;
    %flag_or 4, 8;
T_1.6;
    %jmp/0xz  T_1.4, 4;
    %pushi/vec4 1, 0, 2;
    %store/vec4 v0x6184c7879020_0, 0, 2;
    %jmp T_1.5;
T_1.4 ;
    %load/vec4 v0x6184c7859cf0_0;
    %cmpi/e 11, 0, 5;
    %jmp/1 T_1.11, 4;
    %flag_mov 8, 4;
    %load/vec4 v0x6184c7859cf0_0;
    %cmpi/e 12, 0, 5;
    %flag_or 4, 8;
T_1.11;
    %jmp/0xz  T_1.9, 4;
    %pushi/vec4 3, 0, 2;
    %store/vec4 v0x6184c7879020_0, 0, 2;
    %jmp T_1.10;
T_1.9 ;
    %pushi/vec4 2, 0, 2;
    %store/vec4 v0x6184c7879020_0, 0, 2;
T_1.10 ;
T_1.5 ;
T_1.0 ;
    %jmp T_1;
    .thread T_1, $push;
    .scope S_0x6184c781d100;
T_2 ;
    %wait E_0x6184c76bc260;
    %load/vec4 v0x6184c7856480_0;
    %load/vec4 v0x6184c78257d0_0;
    %concat/vec4; draw_concat_vec4
    %dup/vec4;
    %pushi/vec4 0, 0, 7;
    %cmp/u;
    %jmp/1 T_2.0, 6;
    %dup/vec4;
    %pushi/vec4 1, 0, 7;
    %cmp/u;
    %jmp/1 T_2.1, 6;
    %dup/vec4;
    %pushi/vec4 2, 0, 7;
    %cmp/u;
    %jmp/1 T_2.2, 6;
    %dup/vec4;
    %pushi/vec4 3, 0, 7;
    %cmp/u;
    %jmp/1 T_2.3, 6;
    %dup/vec4;
    %pushi/vec4 4, 0, 7;
    %cmp/u;
    %jmp/1 T_2.4, 6;
    %dup/vec4;
    %pushi/vec4 5, 0, 7;
    %cmp/u;
    %jmp/1 T_2.5, 6;
    %dup/vec4;
    %pushi/vec4 8, 0, 7;
    %cmp/u;
    %jmp/1 T_2.6, 6;
    %dup/vec4;
    %pushi/vec4 9, 0, 7;
    %cmp/u;
    %jmp/1 T_2.7, 6;
    %dup/vec4;
    %pushi/vec4 10, 0, 7;
    %cmp/u;
    %jmp/1 T_2.8, 6;
    %dup/vec4;
    %pushi/vec4 11, 0, 7;
    %cmp/u;
    %jmp/1 T_2.9, 6;
    %dup/vec4;
    %pushi/vec4 12, 0, 7;
    %cmp/u;
    %jmp/1 T_2.10, 6;
    %dup/vec4;
    %pushi/vec4 13, 0, 7;
    %cmp/u;
    %jmp/1 T_2.11, 6;
    %dup/vec4;
    %pushi/vec4 16, 0, 7;
    %cmp/u;
    %jmp/1 T_2.12, 6;
    %dup/vec4;
    %pushi/vec4 17, 0, 7;
    %cmp/u;
    %jmp/1 T_2.13, 6;
    %dup/vec4;
    %pushi/vec4 18, 0, 7;
    %cmp/u;
    %jmp/1 T_2.14, 6;
    %dup/vec4;
    %pushi/vec4 19, 0, 7;
    %cmp/u;
    %jmp/1 T_2.15, 6;
    %dup/vec4;
    %pushi/vec4 20, 0, 7;
    %cmp/u;
    %jmp/1 T_2.16, 6;
    %dup/vec4;
    %pushi/vec4 21, 0, 7;
    %cmp/u;
    %jmp/1 T_2.17, 6;
    %dup/vec4;
    %pushi/vec4 24, 0, 7;
    %cmp/u;
    %jmp/1 T_2.18, 6;
    %dup/vec4;
    %pushi/vec4 25, 0, 7;
    %cmp/u;
    %jmp/1 T_2.19, 6;
    %dup/vec4;
    %pushi/vec4 26, 0, 7;
    %cmp/u;
    %jmp/1 T_2.20, 6;
    %dup/vec4;
    %pushi/vec4 27, 0, 7;
    %cmp/u;
    %jmp/1 T_2.21, 6;
    %dup/vec4;
    %pushi/vec4 28, 0, 7;
    %cmp/u;
    %jmp/1 T_2.22, 6;
    %dup/vec4;
    %pushi/vec4 29, 0, 7;
    %cmp/u;
    %jmp/1 T_2.23, 6;
    %dup/vec4;
    %pushi/vec4 32, 0, 7;
    %cmp/u;
    %jmp/1 T_2.24, 6;
    %dup/vec4;
    %pushi/vec4 33, 0, 7;
    %cmp/u;
    %jmp/1 T_2.25, 6;
    %dup/vec4;
    %pushi/vec4 34, 0, 7;
    %cmp/u;
    %jmp/1 T_2.26, 6;
    %dup/vec4;
    %pushi/vec4 35, 0, 7;
    %cmp/u;
    %jmp/1 T_2.27, 6;
    %dup/vec4;
    %pushi/vec4 36, 0, 7;
    %cmp/u;
    %jmp/1 T_2.28, 6;
    %dup/vec4;
    %pushi/vec4 37, 0, 7;
    %cmp/u;
    %jmp/1 T_2.29, 6;
    %dup/vec4;
    %pushi/vec4 40, 0, 7;
    %cmp/u;
    %jmp/1 T_2.30, 6;
    %dup/vec4;
    %pushi/vec4 41, 0, 7;
    %cmp/u;
    %jmp/1 T_2.31, 6;
    %dup/vec4;
    %pushi/vec4 42, 0, 7;
    %cmp/u;
    %jmp/1 T_2.32, 6;
    %dup/vec4;
    %pushi/vec4 43, 0, 7;
    %cmp/u;
    %jmp/1 T_2.33, 6;
    %dup/vec4;
    %pushi/vec4 44, 0, 7;
    %cmp/u;
    %jmp/1 T_2.34, 6;
    %dup/vec4;
    %pushi/vec4 45, 0, 7;
    %cmp/u;
    %jmp/1 T_2.35, 6;
    %dup/vec4;
    %pushi/vec4 48, 0, 7;
    %cmp/u;
    %jmp/1 T_2.36, 6;
    %dup/vec4;
    %pushi/vec4 49, 0, 7;
    %cmp/u;
    %jmp/1 T_2.37, 6;
    %dup/vec4;
    %pushi/vec4 50, 0, 7;
    %cmp/u;
    %jmp/1 T_2.38, 6;
    %dup/vec4;
    %pushi/vec4 51, 0, 7;
    %cmp/u;
    %jmp/1 T_2.39, 6;
    %dup/vec4;
    %pushi/vec4 52, 0, 7;
    %cmp/u;
    %jmp/1 T_2.40, 6;
    %dup/vec4;
    %pushi/vec4 53, 0, 7;
    %cmp/u;
    %jmp/1 T_2.41, 6;
    %dup/vec4;
    %pushi/vec4 56, 0, 7;
    %cmp/u;
    %jmp/1 T_2.42, 6;
    %dup/vec4;
    %pushi/vec4 57, 0, 7;
    %cmp/u;
    %jmp/1 T_2.43, 6;
    %dup/vec4;
    %pushi/vec4 58, 0, 7;
    %cmp/u;
    %jmp/1 T_2.44, 6;
    %dup/vec4;
    %pushi/vec4 59, 0, 7;
    %cmp/u;
    %jmp/1 T_2.45, 6;
    %dup/vec4;
    %pushi/vec4 60, 0, 7;
    %cmp/u;
    %jmp/1 T_2.46, 6;
    %dup/vec4;
    %pushi/vec4 61, 0, 7;
    %cmp/u;
    %jmp/1 T_2.47, 6;
    %dup/vec4;
    %pushi/vec4 64, 0, 7;
    %cmp/u;
    %jmp/1 T_2.48, 6;
    %dup/vec4;
    %pushi/vec4 65, 0, 7;
    %cmp/u;
    %jmp/1 T_2.49, 6;
    %dup/vec4;
    %pushi/vec4 66, 0, 7;
    %cmp/u;
    %jmp/1 T_2.50, 6;
    %dup/vec4;
    %pushi/vec4 67, 0, 7;
    %cmp/u;
    %jmp/1 T_2.51, 6;
    %dup/vec4;
    %pushi/vec4 68, 0, 7;
    %cmp/u;
    %jmp/1 T_2.52, 6;
    %dup/vec4;
    %pushi/vec4 69, 0, 7;
    %cmp/u;
    %jmp/1 T_2.53, 6;
    %dup/vec4;
    %pushi/vec4 72, 0, 7;
    %cmp/u;
    %jmp/1 T_2.54, 6;
    %dup/vec4;
    %pushi/vec4 73, 0, 7;
    %cmp/u;
    %jmp/1 T_2.55, 6;
    %dup/vec4;
    %pushi/vec4 74, 0, 7;
    %cmp/u;
    %jmp/1 T_2.56, 6;
    %dup/vec4;
    %pushi/vec4 75, 0, 7;
    %cmp/u;
    %jmp/1 T_2.57, 6;
    %dup/vec4;
    %pushi/vec4 76, 0, 7;
    %cmp/u;
    %jmp/1 T_2.58, 6;
    %dup/vec4;
    %pushi/vec4 77, 0, 7;
    %cmp/u;
    %jmp/1 T_2.59, 6;
    %pushi/vec4 0, 0, 4;
    %store/vec4 v0x6184c7856380_0, 0, 4;
    %jmp T_2.61;
T_2.0 ;
    %pushi/vec4 6, 0, 4;
    %store/vec4 v0x6184c7856380_0, 0, 4;
    %jmp T_2.61;
T_2.1 ;
    %pushi/vec4 9, 0, 4;
    %store/vec4 v0x6184c7856380_0, 0, 4;
    %jmp T_2.61;
T_2.2 ;
    %pushi/vec4 9, 0, 4;
    %store/vec4 v0x6184c7856380_0, 0, 4;
    %jmp T_2.61;
T_2.3 ;
    %pushi/vec4 9, 0, 4;
    %store/vec4 v0x6184c7856380_0, 0, 4;
    %jmp T_2.61;
T_2.4 ;
    %pushi/vec4 9, 0, 4;
    %store/vec4 v0x6184c7856380_0, 0, 4;
    %jmp T_2.61;
T_2.5 ;
    %pushi/vec4 6, 0, 4;
    %store/vec4 v0x6184c7856380_0, 0, 4;
    %jmp T_2.61;
T_2.6 ;
    %pushi/vec4 2, 0, 4;
    %store/vec4 v0x6184c7856380_0, 0, 4;
    %jmp T_2.61;
T_2.7 ;
    %pushi/vec4 6, 0, 4;
    %store/vec4 v0x6184c7856380_0, 0, 4;
    %jmp T_2.61;
T_2.8 ;
    %pushi/vec4 2, 0, 4;
    %store/vec4 v0x6184c7856380_0, 0, 4;
    %jmp T_2.61;
T_2.9 ;
    %pushi/vec4 2, 0, 4;
    %store/vec4 v0x6184c7856380_0, 0, 4;
    %jmp T_2.61;
T_2.10 ;
    %pushi/vec4 2, 0, 4;
    %store/vec4 v0x6184c7856380_0, 0, 4;
    %jmp T_2.61;
T_2.11 ;
    %pushi/vec4 7, 0, 4;
    %store/vec4 v0x6184c7856380_0, 0, 4;
    %jmp T_2.61;
T_2.12 ;
    %pushi/vec4 6, 0, 4;
    %store/vec4 v0x6184c7856380_0, 0, 4;
    %jmp T_2.61;
T_2.13 ;
    %pushi/vec4 9, 0, 4;
    %store/vec4 v0x6184c7856380_0, 0, 4;
    %jmp T_2.61;
T_2.14 ;
    %pushi/vec4 1, 0, 4;
    %store/vec4 v0x6184c7856380_0, 0, 4;
    %jmp T_2.61;
T_2.15 ;
    %pushi/vec4 2, 0, 4;
    %store/vec4 v0x6184c7856380_0, 0, 4;
    %jmp T_2.61;
T_2.16 ;
    %pushi/vec4 4, 0, 4;
    %store/vec4 v0x6184c7856380_0, 0, 4;
    %jmp T_2.61;
T_2.17 ;
    %pushi/vec4 15, 0, 4;
    %store/vec4 v0x6184c7856380_0, 0, 4;
    %jmp T_2.61;
T_2.18 ;
    %pushi/vec4 14, 0, 4;
    %store/vec4 v0x6184c7856380_0, 0, 4;
    %jmp T_2.61;
T_2.19 ;
    %pushi/vec4 1, 0, 4;
    %store/vec4 v0x6184c7856380_0, 0, 4;
    %jmp T_2.61;
T_2.20 ;
    %pushi/vec4 6, 0, 4;
    %store/vec4 v0x6184c7856380_0, 0, 4;
    %jmp T_2.61;
T_2.21 ;
    %pushi/vec4 1, 0, 4;
    %store/vec4 v0x6184c7856380_0, 0, 4;
    %jmp T_2.61;
T_2.22 ;
    %pushi/vec4 1, 0, 4;
    %store/vec4 v0x6184c7856380_0, 0, 4;
    %jmp T_2.61;
T_2.23 ;
    %pushi/vec4 14, 0, 4;
    %store/vec4 v0x6184c7856380_0, 0, 4;
    %jmp T_2.61;
T_2.24 ;
    %pushi/vec4 9, 0, 4;
    %store/vec4 v0x6184c7856380_0, 0, 4;
    %jmp T_2.61;
T_2.25 ;
    %pushi/vec4 9, 0, 4;
    %store/vec4 v0x6184c7856380_0, 0, 4;
    %jmp T_2.61;
T_2.26 ;
    %pushi/vec4 15, 0, 4;
    %store/vec4 v0x6184c7856380_0, 0, 4;
    %jmp T_2.61;
T_2.27 ;
    %pushi/vec4 1, 0, 4;
    %store/vec4 v0x6184c7856380_0, 0, 4;
    %jmp T_2.61;
T_2.28 ;
    %pushi/vec4 1, 0, 4;
    %store/vec4 v0x6184c7856380_0, 0, 4;
    %jmp T_2.61;
T_2.29 ;
    %pushi/vec4 1, 0, 4;
    %store/vec4 v0x6184c7856380_0, 0, 4;
    %jmp T_2.61;
T_2.30 ;
    %pushi/vec4 15, 0, 4;
    %store/vec4 v0x6184c7856380_0, 0, 4;
    %jmp T_2.61;
T_2.31 ;
    %pushi/vec4 8, 0, 4;
    %store/vec4 v0x6184c7856380_0, 0, 4;
    %jmp T_2.61;
T_2.32 ;
    %pushi/vec4 14, 0, 4;
    %store/vec4 v0x6184c7856380_0, 0, 4;
    %jmp T_2.61;
T_2.33 ;
    %pushi/vec4 1, 0, 4;
    %store/vec4 v0x6184c7856380_0, 0, 4;
    %jmp T_2.61;
T_2.34 ;
    %pushi/vec4 1, 0, 4;
    %store/vec4 v0x6184c7856380_0, 0, 4;
    %jmp T_2.61;
T_2.35 ;
    %pushi/vec4 14, 0, 4;
    %store/vec4 v0x6184c7856380_0, 0, 4;
    %jmp T_2.61;
T_2.36 ;
    %pushi/vec4 6, 0, 4;
    %store/vec4 v0x6184c7856380_0, 0, 4;
    %jmp T_2.61;
T_2.37 ;
    %pushi/vec4 8, 0, 4;
    %store/vec4 v0x6184c7856380_0, 0, 4;
    %jmp T_2.61;
T_2.38 ;
    %pushi/vec4 14, 0, 4;
    %store/vec4 v0x6184c7856380_0, 0, 4;
    %jmp T_2.61;
T_2.39 ;
    %pushi/vec4 9, 0, 4;
    %store/vec4 v0x6184c7856380_0, 0, 4;
    %jmp T_2.61;
T_2.40 ;
    %pushi/vec4 9, 0, 4;
    %store/vec4 v0x6184c7856380_0, 0, 4;
    %jmp T_2.61;
T_2.41 ;
    %pushi/vec4 6, 0, 4;
    %store/vec4 v0x6184c7856380_0, 0, 4;
    %jmp T_2.61;
T_2.42 ;
    %pushi/vec4 15, 0, 4;
    %store/vec4 v0x6184c7856380_0, 0, 4;
    %jmp T_2.61;
T_2.43 ;
    %pushi/vec4 1, 0, 4;
    %store/vec4 v0x6184c7856380_0, 0, 4;
    %jmp T_2.61;
T_2.44 ;
    %pushi/vec4 2, 0, 4;
    %store/vec4 v0x6184c7856380_0, 0, 4;
    %jmp T_2.61;
T_2.45 ;
    %pushi/vec4 4, 0, 4;
    %store/vec4 v0x6184c7856380_0, 0, 4;
    %jmp T_2.61;
T_2.46 ;
    %pushi/vec4 4, 0, 4;
    %store/vec4 v0x6184c7856380_0, 0, 4;
    %jmp T_2.61;
T_2.47 ;
    %pushi/vec4 4, 0, 4;
    %store/vec4 v0x6184c7856380_0, 0, 4;
    %jmp T_2.61;
T_2.48 ;
    %pushi/vec4 6, 0, 4;
    %store/vec4 v0x6184c7856380_0, 0, 4;
    %jmp T_2.61;
T_2.49 ;
    %pushi/vec4 9, 0, 4;
    %store/vec4 v0x6184c7856380_0, 0, 4;
    %jmp T_2.61;
T_2.50 ;
    %pushi/vec4 6, 0, 4;
    %store/vec4 v0x6184c7856380_0, 0, 4;
    %jmp T_2.61;
T_2.51 ;
    %pushi/vec4 9, 0, 4;
    %store/vec4 v0x6184c7856380_0, 0, 4;
    %jmp T_2.61;
T_2.52 ;
    %pushi/vec4 9, 0, 4;
    %store/vec4 v0x6184c7856380_0, 0, 4;
    %jmp T_2.61;
T_2.53 ;
    %pushi/vec4 6, 0, 4;
    %store/vec4 v0x6184c7856380_0, 0, 4;
    %jmp T_2.61;
T_2.54 ;
    %pushi/vec4 6, 0, 4;
    %store/vec4 v0x6184c7856380_0, 0, 4;
    %jmp T_2.61;
T_2.55 ;
    %pushi/vec4 9, 0, 4;
    %store/vec4 v0x6184c7856380_0, 0, 4;
    %jmp T_2.61;
T_2.56 ;
    %pushi/vec4 7, 0, 4;
    %store/vec4 v0x6184c7856380_0, 0, 4;
    %jmp T_2.61;
T_2.57 ;
    %pushi/vec4 1, 0, 4;
    %store/vec4 v0x6184c7856380_0, 0, 4;
    %jmp T_2.61;
T_2.58 ;
    %pushi/vec4 1, 0, 4;
    %store/vec4 v0x6184c7856380_0, 0, 4;
    %jmp T_2.61;
T_2.59 ;
    %pushi/vec4 6, 0, 4;
    %store/vec4 v0x6184c7856380_0, 0, 4;
    %jmp T_2.61;
T_2.61 ;
    %pop/vec4 1;
    %jmp T_2;
    .thread T_2, $push;
    .scope S_0x6184c77faae0;
T_3 ;
    %wait E_0x6184c76bbfa0;
    %pushi/vec4 0, 0, 3;
    %store/vec4 v0x6184c7826720_0, 0, 3;
    %load/vec4 v0x6184c78271a0_0;
    %cmpi/u 16, 0, 6;
    %flag_get/vec4 5;
    %jmp/0 T_3.2, 5;
    %load/vec4 v0x6184c7826880_0;
    %cmpi/u 16, 0, 6;
    %flag_get/vec4 5;
    %and;
T_3.2;
    %flag_set/vec4 8;
    %jmp/0xz  T_3.0, 8;
    %load/vec4 v0x6184c78271a0_0;
    %parti/s 4, 0, 2;
    %dup/vec4;
    %pushi/vec4 0, 0, 4;
    %cmp/u;
    %jmp/1 T_3.3, 6;
    %dup/vec4;
    %pushi/vec4 1, 0, 4;
    %cmp/u;
    %jmp/1 T_3.4, 6;
    %dup/vec4;
    %pushi/vec4 2, 0, 4;
    %cmp/u;
    %jmp/1 T_3.5, 6;
    %dup/vec4;
    %pushi/vec4 3, 0, 4;
    %cmp/u;
    %jmp/1 T_3.6, 6;
    %dup/vec4;
    %pushi/vec4 4, 0, 4;
    %cmp/u;
    %jmp/1 T_3.7, 6;
    %dup/vec4;
    %pushi/vec4 5, 0, 4;
    %cmp/u;
    %jmp/1 T_3.8, 6;
    %dup/vec4;
    %pushi/vec4 6, 0, 4;
    %cmp/u;
    %jmp/1 T_3.9, 6;
    %dup/vec4;
    %pushi/vec4 7, 0, 4;
    %cmp/u;
    %jmp/1 T_3.10, 6;
    %dup/vec4;
    %pushi/vec4 8, 0, 4;
    %cmp/u;
    %jmp/1 T_3.11, 6;
    %dup/vec4;
    %pushi/vec4 9, 0, 4;
    %cmp/u;
    %jmp/1 T_3.12, 6;
    %dup/vec4;
    %pushi/vec4 10, 0, 4;
    %cmp/u;
    %jmp/1 T_3.13, 6;
    %dup/vec4;
    %pushi/vec4 11, 0, 4;
    %cmp/u;
    %jmp/1 T_3.14, 6;
    %dup/vec4;
    %pushi/vec4 12, 0, 4;
    %cmp/u;
    %jmp/1 T_3.15, 6;
    %dup/vec4;
    %pushi/vec4 13, 0, 4;
    %cmp/u;
    %jmp/1 T_3.16, 6;
    %dup/vec4;
    %pushi/vec4 14, 0, 4;
    %cmp/u;
    %jmp/1 T_3.17, 6;
    %dup/vec4;
    %pushi/vec4 15, 0, 4;
    %cmp/u;
    %jmp/1 T_3.18, 6;
    %pushi/vec4 0, 0, 3;
    %store/vec4 v0x6184c7826720_0, 0, 3;
    %jmp T_3.20;
T_3.3 ;
    %load/vec4 v0x6184c7826880_0;
    %pad/u 32;
    %cmpi/u 6, 0, 32;
    %flag_inv 5; GE is !LT
    %flag_get/vec4 5;
    %jmp/0 T_3.23, 5;
    %load/vec4 v0x6184c7826880_0;
    %pad/u 32;
    %cmpi/u 9, 0, 32;
    %flag_get/vec4 4;
    %flag_get/vec4 5;
    %or;
    %and;
T_3.23;
    %flag_set/vec4 8;
    %jmp/0 T_3.21, 8;
    %pushi/vec4 1, 0, 3;
    %jmp/1 T_3.22, 8;
T_3.21 ; End of true expr.
    %pushi/vec4 0, 0, 3;
    %jmp/0 T_3.22, 8;
 ; End of false expr.
    %blend;
T_3.22;
    %store/vec4 v0x6184c7826720_0, 0, 3;
    %jmp T_3.20;
T_3.4 ;
    %load/vec4 v0x6184c7826880_0;
    %pad/u 32;
    %cmpi/u 5, 0, 32;
    %flag_inv 5; GE is !LT
    %flag_get/vec4 5;
    %jmp/0 T_3.26, 5;
    %load/vec4 v0x6184c7826880_0;
    %pad/u 32;
    %cmpi/u 10, 0, 32;
    %flag_get/vec4 4;
    %flag_get/vec4 5;
    %or;
    %and;
T_3.26;
    %flag_set/vec4 8;
    %jmp/0 T_3.24, 8;
    %load/vec4 v0x6184c7826880_0;
    %pad/u 32;
    %cmpi/e 5, 0, 32;
    %jmp/1 T_3.29, 4;
    %flag_mov 9, 4;
    %load/vec4 v0x6184c7826880_0;
    %pad/u 32;
    %cmpi/e 10, 0, 32;
    %flag_or 4, 9;
T_3.29;
    %flag_mov 9, 4;
    %jmp/0 T_3.27, 9;
    %pushi/vec4 1, 0, 3;
    %jmp/1 T_3.28, 9;
T_3.27 ; End of true expr.
    %pushi/vec4 2, 0, 3;
    %jmp/0 T_3.28, 9;
 ; End of false expr.
    %blend;
T_3.28;
    %jmp/1 T_3.25, 8;
T_3.24 ; End of true expr.
    %pushi/vec4 0, 0, 3;
    %jmp/0 T_3.25, 8;
 ; End of false expr.
    %blend;
T_3.25;
    %store/vec4 v0x6184c7826720_0, 0, 3;
    %jmp T_3.20;
T_3.5 ;
    %load/vec4 v0x6184c7826880_0;
    %pad/u 32;
    %cmpi/u 4, 0, 32;
    %flag_inv 5; GE is !LT
    %flag_get/vec4 5;
    %jmp/0 T_3.32, 5;
    %load/vec4 v0x6184c7826880_0;
    %pad/u 32;
    %cmpi/u 11, 0, 32;
    %flag_get/vec4 4;
    %flag_get/vec4 5;
    %or;
    %and;
T_3.32;
    %flag_set/vec4 8;
    %jmp/0 T_3.30, 8;
    %load/vec4 v0x6184c7826880_0;
    %pad/u 32;
    %cmpi/e 4, 0, 32;
    %jmp/1 T_3.35, 4;
    %flag_mov 9, 4;
    %load/vec4 v0x6184c7826880_0;
    %pad/u 32;
    %cmpi/e 11, 0, 32;
    %flag_or 4, 9;
T_3.35;
    %flag_mov 9, 4;
    %jmp/0 T_3.33, 9;
    %pushi/vec4 1, 0, 3;
    %jmp/1 T_3.34, 9;
T_3.33 ; End of true expr.
    %pushi/vec4 2, 0, 3;
    %jmp/0 T_3.34, 9;
 ; End of false expr.
    %blend;
T_3.34;
    %jmp/1 T_3.31, 8;
T_3.30 ; End of true expr.
    %pushi/vec4 0, 0, 3;
    %jmp/0 T_3.31, 8;
 ; End of false expr.
    %blend;
T_3.31;
    %store/vec4 v0x6184c7826720_0, 0, 3;
    %jmp T_3.20;
T_3.6 ;
    %load/vec4 v0x6184c7826880_0;
    %pad/u 32;
    %cmpi/u 3, 0, 32;
    %flag_inv 5; GE is !LT
    %flag_get/vec4 5;
    %jmp/0 T_3.38, 5;
    %load/vec4 v0x6184c7826880_0;
    %pad/u 32;
    %cmpi/u 12, 0, 32;
    %flag_get/vec4 4;
    %flag_get/vec4 5;
    %or;
    %and;
T_3.38;
    %flag_set/vec4 8;
    %jmp/0 T_3.36, 8;
    %load/vec4 v0x6184c7826880_0;
    %pad/u 32;
    %cmpi/e 3, 0, 32;
    %jmp/1 T_3.41, 4;
    %flag_mov 9, 4;
    %load/vec4 v0x6184c7826880_0;
    %pad/u 32;
    %cmpi/e 12, 0, 32;
    %flag_or 4, 9;
T_3.41;
    %flag_mov 9, 4;
    %jmp/0 T_3.39, 9;
    %pushi/vec4 1, 0, 3;
    %jmp/1 T_3.40, 9;
T_3.39 ; End of true expr.
    %pushi/vec4 2, 0, 3;
    %jmp/0 T_3.40, 9;
 ; End of false expr.
    %blend;
T_3.40;
    %jmp/1 T_3.37, 8;
T_3.36 ; End of true expr.
    %pushi/vec4 0, 0, 3;
    %jmp/0 T_3.37, 8;
 ; End of false expr.
    %blend;
T_3.37;
    %store/vec4 v0x6184c7826720_0, 0, 3;
    %jmp T_3.20;
T_3.7 ;
    %load/vec4 v0x6184c7826880_0;
    %pad/u 32;
    %cmpi/u 2, 0, 32;
    %flag_inv 5; GE is !LT
    %flag_get/vec4 5;
    %jmp/0 T_3.44, 5;
    %load/vec4 v0x6184c7826880_0;
    %pad/u 32;
    %cmpi/u 13, 0, 32;
    %flag_get/vec4 4;
    %flag_get/vec4 5;
    %or;
    %and;
T_3.44;
    %flag_set/vec4 8;
    %jmp/0 T_3.42, 8;
    %load/vec4 v0x6184c7826880_0;
    %pad/u 32;
    %cmpi/e 2, 0, 32;
    %jmp/1 T_3.47, 4;
    %flag_mov 9, 4;
    %load/vec4 v0x6184c7826880_0;
    %pad/u 32;
    %cmpi/e 13, 0, 32;
    %flag_or 4, 9;
T_3.47;
    %flag_mov 9, 4;
    %jmp/0 T_3.45, 9;
    %pushi/vec4 1, 0, 3;
    %jmp/1 T_3.46, 9;
T_3.45 ; End of true expr.
    %pushi/vec4 2, 0, 3;
    %jmp/0 T_3.46, 9;
 ; End of false expr.
    %blend;
T_3.46;
    %jmp/1 T_3.43, 8;
T_3.42 ; End of true expr.
    %pushi/vec4 0, 0, 3;
    %jmp/0 T_3.43, 8;
 ; End of false expr.
    %blend;
T_3.43;
    %store/vec4 v0x6184c7826720_0, 0, 3;
    %jmp T_3.20;
T_3.8 ;
    %load/vec4 v0x6184c7826880_0;
    %pad/u 32;
    %cmpi/u 2, 0, 32;
    %flag_inv 5; GE is !LT
    %flag_get/vec4 5;
    %jmp/0 T_3.50, 5;
    %load/vec4 v0x6184c7826880_0;
    %pad/u 32;
    %cmpi/u 13, 0, 32;
    %flag_get/vec4 4;
    %flag_get/vec4 5;
    %or;
    %and;
T_3.50;
    %flag_set/vec4 8;
    %jmp/0 T_3.48, 8;
    %load/vec4 v0x6184c7826880_0;
    %pad/u 32;
    %cmpi/e 2, 0, 32;
    %jmp/1 T_3.53, 4;
    %flag_mov 9, 4;
    %load/vec4 v0x6184c7826880_0;
    %pad/u 32;
    %cmpi/e 13, 0, 32;
    %flag_or 4, 9;
T_3.53;
    %flag_mov 9, 4;
    %jmp/0 T_3.51, 9;
    %pushi/vec4 1, 0, 3;
    %jmp/1 T_3.52, 9;
T_3.51 ; End of true expr.
    %pushi/vec4 2, 0, 3;
    %jmp/0 T_3.52, 9;
 ; End of false expr.
    %blend;
T_3.52;
    %jmp/1 T_3.49, 8;
T_3.48 ; End of true expr.
    %pushi/vec4 0, 0, 3;
    %jmp/0 T_3.49, 8;
 ; End of false expr.
    %blend;
T_3.49;
    %store/vec4 v0x6184c7826720_0, 0, 3;
    %jmp T_3.20;
T_3.9 ;
    %load/vec4 v0x6184c7826880_0;
    %pad/u 32;
    %cmpi/u 1, 0, 32;
    %flag_inv 5; GE is !LT
    %flag_get/vec4 5;
    %jmp/0 T_3.56, 5;
    %load/vec4 v0x6184c7826880_0;
    %pad/u 32;
    %cmpi/u 14, 0, 32;
    %flag_get/vec4 4;
    %flag_get/vec4 5;
    %or;
    %and;
T_3.56;
    %flag_set/vec4 8;
    %jmp/0 T_3.54, 8;
    %load/vec4 v0x6184c7826880_0;
    %pad/u 32;
    %cmpi/e 1, 0, 32;
    %jmp/1 T_3.59, 4;
    %flag_mov 9, 4;
    %load/vec4 v0x6184c7826880_0;
    %pad/u 32;
    %cmpi/e 14, 0, 32;
    %flag_or 4, 9;
T_3.59;
    %flag_mov 9, 4;
    %jmp/0 T_3.57, 9;
    %pushi/vec4 1, 0, 3;
    %jmp/1 T_3.58, 9;
T_3.57 ; End of true expr.
    %pushi/vec4 2, 0, 3;
    %jmp/0 T_3.58, 9;
 ; End of false expr.
    %blend;
T_3.58;
    %jmp/1 T_3.55, 8;
T_3.54 ; End of true expr.
    %pushi/vec4 0, 0, 3;
    %jmp/0 T_3.55, 8;
 ; End of false expr.
    %blend;
T_3.55;
    %store/vec4 v0x6184c7826720_0, 0, 3;
    %jmp T_3.20;
T_3.10 ;
    %load/vec4 v0x6184c7826880_0;
    %pad/u 32;
    %cmpi/u 1, 0, 32;
    %flag_inv 5; GE is !LT
    %flag_get/vec4 5;
    %jmp/0 T_3.62, 5;
    %load/vec4 v0x6184c7826880_0;
    %pad/u 32;
    %cmpi/u 14, 0, 32;
    %flag_get/vec4 4;
    %flag_get/vec4 5;
    %or;
    %and;
T_3.62;
    %flag_set/vec4 8;
    %jmp/0 T_3.60, 8;
    %load/vec4 v0x6184c7826880_0;
    %pad/u 32;
    %cmpi/e 1, 0, 32;
    %jmp/1 T_3.65, 4;
    %flag_mov 9, 4;
    %load/vec4 v0x6184c7826880_0;
    %pad/u 32;
    %cmpi/e 14, 0, 32;
    %flag_or 4, 9;
T_3.65;
    %flag_mov 9, 4;
    %jmp/0 T_3.63, 9;
    %pushi/vec4 1, 0, 3;
    %jmp/1 T_3.64, 9;
T_3.63 ; End of true expr.
    %pushi/vec4 2, 0, 3;
    %jmp/0 T_3.64, 9;
 ; End of false expr.
    %blend;
T_3.64;
    %jmp/1 T_3.61, 8;
T_3.60 ; End of true expr.
    %pushi/vec4 0, 0, 3;
    %jmp/0 T_3.61, 8;
 ; End of false expr.
    %blend;
T_3.61;
    %store/vec4 v0x6184c7826720_0, 0, 3;
    %jmp T_3.20;
T_3.11 ;
    %load/vec4 v0x6184c7826880_0;
    %pad/u 32;
    %cmpi/u 1, 0, 32;
    %flag_inv 5; GE is !LT
    %flag_get/vec4 5;
    %jmp/0 T_3.68, 5;
    %load/vec4 v0x6184c7826880_0;
    %pad/u 32;
    %cmpi/u 14, 0, 32;
    %flag_get/vec4 4;
    %flag_get/vec4 5;
    %or;
    %and;
T_3.68;
    %flag_set/vec4 8;
    %jmp/0 T_3.66, 8;
    %load/vec4 v0x6184c7826880_0;
    %pad/u 32;
    %cmpi/e 1, 0, 32;
    %jmp/1 T_3.71, 4;
    %flag_mov 9, 4;
    %load/vec4 v0x6184c7826880_0;
    %pad/u 32;
    %cmpi/e 14, 0, 32;
    %flag_or 4, 9;
T_3.71;
    %flag_mov 9, 4;
    %jmp/0 T_3.69, 9;
    %pushi/vec4 1, 0, 3;
    %jmp/1 T_3.70, 9;
T_3.69 ; End of true expr.
    %pushi/vec4 2, 0, 3;
    %jmp/0 T_3.70, 9;
 ; End of false expr.
    %blend;
T_3.70;
    %jmp/1 T_3.67, 8;
T_3.66 ; End of true expr.
    %pushi/vec4 0, 0, 3;
    %jmp/0 T_3.67, 8;
 ; End of false expr.
    %blend;
T_3.67;
    %store/vec4 v0x6184c7826720_0, 0, 3;
    %jmp T_3.20;
T_3.12 ;
    %load/vec4 v0x6184c7826880_0;
    %pad/u 32;
    %cmpi/u 1, 0, 32;
    %flag_inv 5; GE is !LT
    %flag_get/vec4 5;
    %jmp/0 T_3.74, 5;
    %load/vec4 v0x6184c7826880_0;
    %pad/u 32;
    %cmpi/u 14, 0, 32;
    %flag_get/vec4 4;
    %flag_get/vec4 5;
    %or;
    %and;
T_3.74;
    %flag_set/vec4 8;
    %jmp/0 T_3.72, 8;
    %load/vec4 v0x6184c7826880_0;
    %pad/u 32;
    %cmpi/e 1, 0, 32;
    %jmp/1 T_3.77, 4;
    %flag_mov 9, 4;
    %load/vec4 v0x6184c7826880_0;
    %pad/u 32;
    %cmpi/e 14, 0, 32;
    %flag_or 4, 9;
T_3.77;
    %flag_mov 9, 4;
    %jmp/0 T_3.75, 9;
    %pushi/vec4 1, 0, 3;
    %jmp/1 T_3.76, 9;
T_3.75 ; End of true expr.
    %pushi/vec4 2, 0, 3;
    %jmp/0 T_3.76, 9;
 ; End of false expr.
    %blend;
T_3.76;
    %jmp/1 T_3.73, 8;
T_3.72 ; End of true expr.
    %pushi/vec4 0, 0, 3;
    %jmp/0 T_3.73, 8;
 ; End of false expr.
    %blend;
T_3.73;
    %store/vec4 v0x6184c7826720_0, 0, 3;
    %jmp T_3.20;
T_3.13 ;
    %load/vec4 v0x6184c7826880_0;
    %pad/u 32;
    %cmpi/u 1, 0, 32;
    %flag_inv 5; GE is !LT
    %flag_get/vec4 5;
    %jmp/0 T_3.80, 5;
    %load/vec4 v0x6184c7826880_0;
    %pad/u 32;
    %cmpi/u 14, 0, 32;
    %flag_get/vec4 4;
    %flag_get/vec4 5;
    %or;
    %and;
T_3.80;
    %flag_set/vec4 8;
    %jmp/0 T_3.78, 8;
    %load/vec4 v0x6184c7826880_0;
    %pad/u 32;
    %cmpi/e 1, 0, 32;
    %jmp/1 T_3.83, 4;
    %flag_mov 9, 4;
    %load/vec4 v0x6184c7826880_0;
    %pad/u 32;
    %cmpi/e 14, 0, 32;
    %flag_or 4, 9;
T_3.83;
    %flag_mov 9, 4;
    %jmp/0 T_3.81, 9;
    %pushi/vec4 1, 0, 3;
    %jmp/1 T_3.82, 9;
T_3.81 ; End of true expr.
    %pushi/vec4 2, 0, 3;
    %jmp/0 T_3.82, 9;
 ; End of false expr.
    %blend;
T_3.82;
    %jmp/1 T_3.79, 8;
T_3.78 ; End of true expr.
    %pushi/vec4 0, 0, 3;
    %jmp/0 T_3.79, 8;
 ; End of false expr.
    %blend;
T_3.79;
    %store/vec4 v0x6184c7826720_0, 0, 3;
    %jmp T_3.20;
T_3.14 ;
    %load/vec4 v0x6184c7826880_0;
    %pad/u 32;
    %cmpi/u 2, 0, 32;
    %flag_inv 5; GE is !LT
    %flag_get/vec4 5;
    %jmp/0 T_3.86, 5;
    %load/vec4 v0x6184c7826880_0;
    %pad/u 32;
    %cmpi/u 13, 0, 32;
    %flag_get/vec4 4;
    %flag_get/vec4 5;
    %or;
    %and;
T_3.86;
    %flag_set/vec4 8;
    %jmp/0 T_3.84, 8;
    %load/vec4 v0x6184c7826880_0;
    %pad/u 32;
    %cmpi/e 2, 0, 32;
    %jmp/1 T_3.89, 4;
    %flag_mov 9, 4;
    %load/vec4 v0x6184c7826880_0;
    %pad/u 32;
    %cmpi/e 13, 0, 32;
    %flag_or 4, 9;
T_3.89;
    %flag_mov 9, 4;
    %jmp/0 T_3.87, 9;
    %pushi/vec4 1, 0, 3;
    %jmp/1 T_3.88, 9;
T_3.87 ; End of true expr.
    %pushi/vec4 2, 0, 3;
    %jmp/0 T_3.88, 9;
 ; End of false expr.
    %blend;
T_3.88;
    %jmp/1 T_3.85, 8;
T_3.84 ; End of true expr.
    %pushi/vec4 0, 0, 3;
    %jmp/0 T_3.85, 8;
 ; End of false expr.
    %blend;
T_3.85;
    %store/vec4 v0x6184c7826720_0, 0, 3;
    %jmp T_3.20;
T_3.15 ;
    %load/vec4 v0x6184c7826880_0;
    %pad/u 32;
    %cmpi/u 2, 0, 32;
    %flag_inv 5; GE is !LT
    %flag_get/vec4 5;
    %jmp/0 T_3.92, 5;
    %load/vec4 v0x6184c7826880_0;
    %pad/u 32;
    %cmpi/u 13, 0, 32;
    %flag_get/vec4 4;
    %flag_get/vec4 5;
    %or;
    %and;
T_3.92;
    %flag_set/vec4 8;
    %jmp/0 T_3.90, 8;
    %load/vec4 v0x6184c7826880_0;
    %pad/u 32;
    %cmpi/e 2, 0, 32;
    %jmp/1 T_3.95, 4;
    %flag_mov 9, 4;
    %load/vec4 v0x6184c7826880_0;
    %pad/u 32;
    %cmpi/e 13, 0, 32;
    %flag_or 4, 9;
T_3.95;
    %flag_mov 9, 4;
    %jmp/0 T_3.93, 9;
    %pushi/vec4 1, 0, 3;
    %jmp/1 T_3.94, 9;
T_3.93 ; End of true expr.
    %pushi/vec4 2, 0, 3;
    %jmp/0 T_3.94, 9;
 ; End of false expr.
    %blend;
T_3.94;
    %jmp/1 T_3.91, 8;
T_3.90 ; End of true expr.
    %pushi/vec4 0, 0, 3;
    %jmp/0 T_3.91, 8;
 ; End of false expr.
    %blend;
T_3.91;
    %store/vec4 v0x6184c7826720_0, 0, 3;
    %jmp T_3.20;
T_3.16 ;
    %load/vec4 v0x6184c7826880_0;
    %pad/u 32;
    %cmpi/u 3, 0, 32;
    %flag_inv 5; GE is !LT
    %flag_get/vec4 5;
    %jmp/0 T_3.98, 5;
    %load/vec4 v0x6184c7826880_0;
    %pad/u 32;
    %cmpi/u 12, 0, 32;
    %flag_get/vec4 4;
    %flag_get/vec4 5;
    %or;
    %and;
T_3.98;
    %flag_set/vec4 8;
    %jmp/0 T_3.96, 8;
    %load/vec4 v0x6184c7826880_0;
    %pad/u 32;
    %cmpi/e 3, 0, 32;
    %jmp/1 T_3.101, 4;
    %flag_mov 9, 4;
    %load/vec4 v0x6184c7826880_0;
    %pad/u 32;
    %cmpi/e 12, 0, 32;
    %flag_or 4, 9;
T_3.101;
    %flag_mov 9, 4;
    %jmp/0 T_3.99, 9;
    %pushi/vec4 1, 0, 3;
    %jmp/1 T_3.100, 9;
T_3.99 ; End of true expr.
    %pushi/vec4 2, 0, 3;
    %jmp/0 T_3.100, 9;
 ; End of false expr.
    %blend;
T_3.100;
    %jmp/1 T_3.97, 8;
T_3.96 ; End of true expr.
    %pushi/vec4 0, 0, 3;
    %jmp/0 T_3.97, 8;
 ; End of false expr.
    %blend;
T_3.97;
    %store/vec4 v0x6184c7826720_0, 0, 3;
    %jmp T_3.20;
T_3.17 ;
    %load/vec4 v0x6184c7826880_0;
    %pad/u 32;
    %cmpi/u 4, 0, 32;
    %flag_inv 5; GE is !LT
    %flag_get/vec4 5;
    %jmp/0 T_3.104, 5;
    %load/vec4 v0x6184c7826880_0;
    %pad/u 32;
    %cmpi/u 11, 0, 32;
    %flag_get/vec4 4;
    %flag_get/vec4 5;
    %or;
    %and;
T_3.104;
    %flag_set/vec4 8;
    %jmp/0 T_3.102, 8;
    %load/vec4 v0x6184c7826880_0;
    %pad/u 32;
    %cmpi/e 4, 0, 32;
    %jmp/1 T_3.107, 4;
    %flag_mov 9, 4;
    %load/vec4 v0x6184c7826880_0;
    %pad/u 32;
    %cmpi/e 11, 0, 32;
    %flag_or 4, 9;
T_3.107;
    %flag_mov 9, 4;
    %jmp/0 T_3.105, 9;
    %pushi/vec4 1, 0, 3;
    %jmp/1 T_3.106, 9;
T_3.105 ; End of true expr.
    %pushi/vec4 2, 0, 3;
    %jmp/0 T_3.106, 9;
 ; End of false expr.
    %blend;
T_3.106;
    %jmp/1 T_3.103, 8;
T_3.102 ; End of true expr.
    %pushi/vec4 0, 0, 3;
    %jmp/0 T_3.103, 8;
 ; End of false expr.
    %blend;
T_3.103;
    %store/vec4 v0x6184c7826720_0, 0, 3;
    %jmp T_3.20;
T_3.18 ;
    %load/vec4 v0x6184c7826880_0;
    %pad/u 32;
    %cmpi/u 6, 0, 32;
    %flag_inv 5; GE is !LT
    %flag_get/vec4 5;
    %jmp/0 T_3.110, 5;
    %load/vec4 v0x6184c7826880_0;
    %pad/u 32;
    %cmpi/u 9, 0, 32;
    %flag_get/vec4 4;
    %flag_get/vec4 5;
    %or;
    %and;
T_3.110;
    %flag_set/vec4 8;
    %jmp/0 T_3.108, 8;
    %pushi/vec4 1, 0, 3;
    %jmp/1 T_3.109, 8;
T_3.108 ; End of true expr.
    %pushi/vec4 0, 0, 3;
    %jmp/0 T_3.109, 8;
 ; End of false expr.
    %blend;
T_3.109;
    %store/vec4 v0x6184c7826720_0, 0, 3;
    %jmp T_3.20;
T_3.20 ;
    %pop/vec4 1;
T_3.0 ;
    %jmp T_3;
    .thread T_3, $push;
    .scope S_0x6184c77f32e0;
T_4 ;
    %wait E_0x6184c76baea0;
    %pushi/vec4 0, 0, 2;
    %store/vec4 v0x6184c7718e30_0, 0, 2;
    %load/vec4 v0x6184c7718f30_0;
    %cmpi/u 8, 0, 4;
    %jmp/0xz  T_4.0, 5;
    %load/vec4 v0x6184c7724980_0;
    %dup/vec4;
    %pushi/vec4 0, 0, 4;
    %cmp/u;
    %jmp/1 T_4.2, 6;
    %dup/vec4;
    %pushi/vec4 1, 0, 4;
    %cmp/u;
    %jmp/1 T_4.3, 6;
    %dup/vec4;
    %pushi/vec4 2, 0, 4;
    %cmp/u;
    %jmp/1 T_4.4, 6;
    %dup/vec4;
    %pushi/vec4 3, 0, 4;
    %cmp/u;
    %jmp/1 T_4.5, 6;
    %dup/vec4;
    %pushi/vec4 4, 0, 4;
    %cmp/u;
    %jmp/1 T_4.6, 6;
    %dup/vec4;
    %pushi/vec4 5, 0, 4;
    %cmp/u;
    %jmp/1 T_4.7, 6;
    %dup/vec4;
    %pushi/vec4 6, 0, 4;
    %cmp/u;
    %jmp/1 T_4.8, 6;
    %dup/vec4;
    %pushi/vec4 7, 0, 4;
    %cmp/u;
    %jmp/1 T_4.9, 6;
    %dup/vec4;
    %pushi/vec4 8, 0, 4;
    %cmp/u;
    %jmp/1 T_4.10, 6;
    %dup/vec4;
    %pushi/vec4 9, 0, 4;
    %cmp/u;
    %jmp/1 T_4.11, 6;
    %dup/vec4;
    %pushi/vec4 10, 0, 4;
    %cmp/u;
    %jmp/1 T_4.12, 6;
    %dup/vec4;
    %pushi/vec4 11, 0, 4;
    %cmp/u;
    %jmp/1 T_4.13, 6;
    %pushi/vec4 0, 0, 2;
    %store/vec4 v0x6184c7718e30_0, 0, 2;
    %jmp T_4.15;
T_4.2 ;
    %load/vec4 v0x6184c7718f30_0;
    %pad/u 32;
    %cmpi/e 3, 0, 32;
    %jmp/1 T_4.19, 4;
    %flag_mov 9, 4;
    %load/vec4 v0x6184c7718f30_0;
    %pad/u 32;
    %cmpi/e 4, 0, 32;
    %flag_or 4, 9;
T_4.19;
    %flag_get/vec4 4;
    %jmp/0 T_4.18, 4;
    %load/vec4 v0x6184c7719010_0;
    %and;
T_4.18;
    %flag_set/vec4 8;
    %jmp/0 T_4.16, 8;
    %pushi/vec4 1, 0, 2;
    %jmp/1 T_4.17, 8;
T_4.16 ; End of true expr.
    %pushi/vec4 0, 0, 2;
    %jmp/0 T_4.17, 8;
 ; End of false expr.
    %blend;
T_4.17;
    %store/vec4 v0x6184c7718e30_0, 0, 2;
    %jmp T_4.15;
T_4.3 ;
    %load/vec4 v0x6184c7718f30_0;
    %pad/u 32;
    %cmpi/e 3, 0, 32;
    %jmp/1 T_4.22, 4;
    %flag_mov 8, 4;
    %load/vec4 v0x6184c7718f30_0;
    %pad/u 32;
    %cmpi/e 4, 0, 32;
    %flag_or 4, 8;
T_4.22;
    %flag_mov 8, 4;
    %jmp/0 T_4.20, 8;
    %pushi/vec4 1, 0, 2;
    %jmp/1 T_4.21, 8;
T_4.20 ; End of true expr.
    %pushi/vec4 0, 0, 2;
    %jmp/0 T_4.21, 8;
 ; End of false expr.
    %blend;
T_4.21;
    %store/vec4 v0x6184c7718e30_0, 0, 2;
    %jmp T_4.15;
T_4.4 ;
    %load/vec4 v0x6184c7718f30_0;
    %pad/u 32;
    %cmpi/u 2, 0, 32;
    %flag_inv 5; GE is !LT
    %flag_get/vec4 5;
    %jmp/0 T_4.25, 5;
    %load/vec4 v0x6184c7718f30_0;
    %pad/u 32;
    %cmpi/u 5, 0, 32;
    %flag_get/vec4 4;
    %flag_get/vec4 5;
    %or;
    %and;
T_4.25;
    %flag_set/vec4 8;
    %jmp/0 T_4.23, 8;
    %pushi/vec4 1, 0, 2;
    %jmp/1 T_4.24, 8;
T_4.23 ; End of true expr.
    %pushi/vec4 0, 0, 2;
    %jmp/0 T_4.24, 8;
 ; End of false expr.
    %blend;
T_4.24;
    %store/vec4 v0x6184c7718e30_0, 0, 2;
    %jmp T_4.15;
T_4.5 ;
    %load/vec4 v0x6184c7718f30_0;
    %pad/u 32;
    %cmpi/u 2, 0, 32;
    %flag_inv 5; GE is !LT
    %flag_get/vec4 5;
    %jmp/0 T_4.28, 5;
    %load/vec4 v0x6184c7718f30_0;
    %pad/u 32;
    %cmpi/u 5, 0, 32;
    %flag_get/vec4 4;
    %flag_get/vec4 5;
    %or;
    %and;
T_4.28;
    %flag_set/vec4 8;
    %jmp/0 T_4.26, 8;
    %pushi/vec4 1, 0, 2;
    %jmp/1 T_4.27, 8;
T_4.26 ; End of true expr.
    %pushi/vec4 0, 0, 2;
    %jmp/0 T_4.27, 8;
 ; End of false expr.
    %blend;
T_4.27;
    %store/vec4 v0x6184c7718e30_0, 0, 2;
    %jmp T_4.15;
T_4.6 ;
    %load/vec4 v0x6184c7718f30_0;
    %pad/u 32;
    %cmpi/u 1, 0, 32;
    %flag_inv 5; GE is !LT
    %flag_get/vec4 5;
    %jmp/0 T_4.31, 5;
    %load/vec4 v0x6184c7718f30_0;
    %pad/u 32;
    %cmpi/u 6, 0, 32;
    %flag_get/vec4 4;
    %flag_get/vec4 5;
    %or;
    %and;
T_4.31;
    %flag_set/vec4 8;
    %jmp/0 T_4.29, 8;
    %load/vec4 v0x6184c7718f30_0;
    %pad/u 32;
    %cmpi/u 3, 0, 32;
    %flag_inv 5; GE is !LT
    %flag_get/vec4 5;
    %jmp/0 T_4.34, 5;
    %load/vec4 v0x6184c7718f30_0;
    %pad/u 32;
    %cmpi/u 4, 0, 32;
    %flag_get/vec4 4;
    %flag_get/vec4 5;
    %or;
    %and;
T_4.34;
    %flag_set/vec4 9;
    %jmp/0 T_4.32, 9;
    %pushi/vec4 2, 0, 2;
    %jmp/1 T_4.33, 9;
T_4.32 ; End of true expr.
    %pushi/vec4 1, 0, 2;
    %jmp/0 T_4.33, 9;
 ; End of false expr.
    %blend;
T_4.33;
    %jmp/1 T_4.30, 8;
T_4.29 ; End of true expr.
    %pushi/vec4 0, 0, 2;
    %jmp/0 T_4.30, 8;
 ; End of false expr.
    %blend;
T_4.30;
    %store/vec4 v0x6184c7718e30_0, 0, 2;
    %jmp T_4.15;
T_4.7 ;
    %load/vec4 v0x6184c7718f30_0;
    %pad/u 32;
    %cmpi/u 1, 0, 32;
    %flag_inv 5; GE is !LT
    %flag_get/vec4 5;
    %jmp/0 T_4.37, 5;
    %load/vec4 v0x6184c7718f30_0;
    %pad/u 32;
    %cmpi/u 6, 0, 32;
    %flag_get/vec4 4;
    %flag_get/vec4 5;
    %or;
    %and;
T_4.37;
    %flag_set/vec4 8;
    %jmp/0 T_4.35, 8;
    %load/vec4 v0x6184c7718f30_0;
    %pad/u 32;
    %cmpi/u 3, 0, 32;
    %flag_inv 5; GE is !LT
    %flag_get/vec4 5;
    %jmp/0 T_4.40, 5;
    %load/vec4 v0x6184c7718f30_0;
    %pad/u 32;
    %cmpi/u 4, 0, 32;
    %flag_get/vec4 4;
    %flag_get/vec4 5;
    %or;
    %and;
T_4.40;
    %flag_set/vec4 9;
    %jmp/0 T_4.38, 9;
    %pushi/vec4 2, 0, 2;
    %jmp/1 T_4.39, 9;
T_4.38 ; End of true expr.
    %pushi/vec4 1, 0, 2;
    %jmp/0 T_4.39, 9;
 ; End of false expr.
    %blend;
T_4.39;
    %jmp/1 T_4.36, 8;
T_4.35 ; End of true expr.
    %pushi/vec4 0, 0, 2;
    %jmp/0 T_4.36, 8;
 ; End of false expr.
    %blend;
T_4.36;
    %store/vec4 v0x6184c7718e30_0, 0, 2;
    %jmp T_4.15;
T_4.8 ;
    %load/vec4 v0x6184c7718f30_0;
    %pad/u 32;
    %cmpi/u 1, 0, 32;
    %flag_inv 5; GE is !LT
    %flag_get/vec4 5;
    %jmp/0 T_4.43, 5;
    %load/vec4 v0x6184c7718f30_0;
    %pad/u 32;
    %cmpi/u 6, 0, 32;
    %flag_get/vec4 4;
    %flag_get/vec4 5;
    %or;
    %and;
T_4.43;
    %flag_set/vec4 8;
    %jmp/0 T_4.41, 8;
    %load/vec4 v0x6184c7718f30_0;
    %pad/u 32;
    %cmpi/u 3, 0, 32;
    %flag_inv 5; GE is !LT
    %flag_get/vec4 5;
    %jmp/0 T_4.46, 5;
    %load/vec4 v0x6184c7718f30_0;
    %pad/u 32;
    %cmpi/u 4, 0, 32;
    %flag_get/vec4 4;
    %flag_get/vec4 5;
    %or;
    %and;
T_4.46;
    %flag_set/vec4 9;
    %jmp/0 T_4.44, 9;
    %pushi/vec4 2, 0, 2;
    %jmp/1 T_4.45, 9;
T_4.44 ; End of true expr.
    %pushi/vec4 1, 0, 2;
    %jmp/0 T_4.45, 9;
 ; End of false expr.
    %blend;
T_4.45;
    %jmp/1 T_4.42, 8;
T_4.41 ; End of true expr.
    %pushi/vec4 0, 0, 2;
    %jmp/0 T_4.42, 8;
 ; End of false expr.
    %blend;
T_4.42;
    %store/vec4 v0x6184c7718e30_0, 0, 2;
    %jmp T_4.15;
T_4.9 ;
    %load/vec4 v0x6184c7718f30_0;
    %pad/u 32;
    %cmpi/u 1, 0, 32;
    %flag_inv 5; GE is !LT
    %flag_get/vec4 5;
    %jmp/0 T_4.49, 5;
    %load/vec4 v0x6184c7718f30_0;
    %pad/u 32;
    %cmpi/u 6, 0, 32;
    %flag_get/vec4 4;
    %flag_get/vec4 5;
    %or;
    %and;
T_4.49;
    %flag_set/vec4 8;
    %jmp/0 T_4.47, 8;
    %load/vec4 v0x6184c7718f30_0;
    %pad/u 32;
    %cmpi/u 2, 0, 32;
    %flag_inv 5; GE is !LT
    %flag_get/vec4 5;
    %jmp/0 T_4.52, 5;
    %load/vec4 v0x6184c7718f30_0;
    %pad/u 32;
    %cmpi/u 5, 0, 32;
    %flag_get/vec4 4;
    %flag_get/vec4 5;
    %or;
    %and;
T_4.52;
    %flag_set/vec4 9;
    %jmp/0 T_4.50, 9;
    %pushi/vec4 2, 0, 2;
    %jmp/1 T_4.51, 9;
T_4.50 ; End of true expr.
    %pushi/vec4 1, 0, 2;
    %jmp/0 T_4.51, 9;
 ; End of false expr.
    %blend;
T_4.51;
    %jmp/1 T_4.48, 8;
T_4.47 ; End of true expr.
    %pushi/vec4 0, 0, 2;
    %jmp/0 T_4.48, 8;
 ; End of false expr.
    %blend;
T_4.48;
    %store/vec4 v0x6184c7718e30_0, 0, 2;
    %jmp T_4.15;
T_4.10 ;
    %load/vec4 v0x6184c7718f30_0;
    %pad/u 32;
    %cmpi/u 1, 0, 32;
    %flag_inv 5; GE is !LT
    %flag_get/vec4 5;
    %jmp/0 T_4.55, 5;
    %load/vec4 v0x6184c7718f30_0;
    %pad/u 32;
    %cmpi/u 6, 0, 32;
    %flag_get/vec4 4;
    %flag_get/vec4 5;
    %or;
    %and;
T_4.55;
    %flag_set/vec4 8;
    %jmp/0 T_4.53, 8;
    %load/vec4 v0x6184c7718f30_0;
    %pad/u 32;
    %cmpi/u 2, 0, 32;
    %flag_inv 5; GE is !LT
    %flag_get/vec4 5;
    %jmp/0 T_4.58, 5;
    %load/vec4 v0x6184c7718f30_0;
    %pad/u 32;
    %cmpi/u 5, 0, 32;
    %flag_get/vec4 4;
    %flag_get/vec4 5;
    %or;
    %and;
T_4.58;
    %flag_set/vec4 9;
    %jmp/0 T_4.56, 9;
    %pushi/vec4 2, 0, 2;
    %jmp/1 T_4.57, 9;
T_4.56 ; End of true expr.
    %pushi/vec4 1, 0, 2;
    %jmp/0 T_4.57, 9;
 ; End of false expr.
    %blend;
T_4.57;
    %jmp/1 T_4.54, 8;
T_4.53 ; End of true expr.
    %pushi/vec4 0, 0, 2;
    %jmp/0 T_4.54, 8;
 ; End of false expr.
    %blend;
T_4.54;
    %store/vec4 v0x6184c7718e30_0, 0, 2;
    %jmp T_4.15;
T_4.11 ;
    %load/vec4 v0x6184c7718f30_0;
    %pad/u 32;
    %cmpi/u 2, 0, 32;
    %flag_inv 5; GE is !LT
    %flag_get/vec4 5;
    %jmp/0 T_4.61, 5;
    %load/vec4 v0x6184c7718f30_0;
    %pad/u 32;
    %cmpi/u 5, 0, 32;
    %flag_get/vec4 4;
    %flag_get/vec4 5;
    %or;
    %and;
T_4.61;
    %flag_set/vec4 8;
    %jmp/0 T_4.59, 8;
    %pushi/vec4 2, 0, 2;
    %jmp/1 T_4.60, 8;
T_4.59 ; End of true expr.
    %pushi/vec4 0, 0, 2;
    %jmp/0 T_4.60, 8;
 ; End of false expr.
    %blend;
T_4.60;
    %store/vec4 v0x6184c7718e30_0, 0, 2;
    %jmp T_4.15;
T_4.12 ;
    %load/vec4 v0x6184c7718f30_0;
    %pad/u 32;
    %cmpi/u 2, 0, 32;
    %flag_inv 5; GE is !LT
    %flag_get/vec4 5;
    %jmp/0 T_4.64, 5;
    %load/vec4 v0x6184c7718f30_0;
    %pad/u 32;
    %cmpi/u 5, 0, 32;
    %flag_get/vec4 4;
    %flag_get/vec4 5;
    %or;
    %and;
T_4.64;
    %flag_set/vec4 8;
    %jmp/0 T_4.62, 8;
    %pushi/vec4 2, 0, 2;
    %jmp/1 T_4.63, 8;
T_4.62 ; End of true expr.
    %pushi/vec4 0, 0, 2;
    %jmp/0 T_4.63, 8;
 ; End of false expr.
    %blend;
T_4.63;
    %store/vec4 v0x6184c7718e30_0, 0, 2;
    %jmp T_4.15;
T_4.13 ;
    %load/vec4 v0x6184c7718f30_0;
    %pad/u 32;
    %cmpi/e 3, 0, 32;
    %jmp/1 T_4.67, 4;
    %flag_mov 8, 4;
    %load/vec4 v0x6184c7718f30_0;
    %pad/u 32;
    %cmpi/e 4, 0, 32;
    %flag_or 4, 8;
T_4.67;
    %flag_mov 8, 4;
    %jmp/0 T_4.65, 8;
    %pushi/vec4 2, 0, 2;
    %jmp/1 T_4.66, 8;
T_4.65 ; End of true expr.
    %pushi/vec4 0, 0, 2;
    %jmp/0 T_4.66, 8;
 ; End of false expr.
    %blend;
T_4.66;
    %store/vec4 v0x6184c7718e30_0, 0, 2;
    %jmp T_4.15;
T_4.15 ;
    %pop/vec4 1;
T_4.0 ;
    %jmp T_4;
    .thread T_4, $push;
    .scope S_0x6184c77f8d60;
T_5 ;
    %wait E_0x6184c76ba5a0;
    %pushi/vec4 0, 0, 1;
    %store/vec4 v0x6184c7724c20_0, 0, 1;
    %load/vec4 v0x6184c7724b20_0;
    %cmpi/u 12, 0, 4;
    %jmp/0xz  T_5.0, 5;
    %load/vec4 v0x6184c7724ce0_0;
    %dup/vec4;
    %pushi/vec4 1, 0, 4;
    %cmp/u;
    %jmp/1 T_5.2, 6;
    %dup/vec4;
    %pushi/vec4 2, 0, 4;
    %cmp/u;
    %jmp/1 T_5.3, 6;
    %dup/vec4;
    %pushi/vec4 3, 0, 4;
    %cmp/u;
    %jmp/1 T_5.4, 6;
    %dup/vec4;
    %pushi/vec4 4, 0, 4;
    %cmp/u;
    %jmp/1 T_5.5, 6;
    %dup/vec4;
    %pushi/vec4 5, 0, 4;
    %cmp/u;
    %jmp/1 T_5.6, 6;
    %dup/vec4;
    %pushi/vec4 6, 0, 4;
    %cmp/u;
    %jmp/1 T_5.7, 6;
    %dup/vec4;
    %pushi/vec4 7, 0, 4;
    %cmp/u;
    %jmp/1 T_5.8, 6;
    %dup/vec4;
    %pushi/vec4 8, 0, 4;
    %cmp/u;
    %jmp/1 T_5.9, 6;
    %dup/vec4;
    %pushi/vec4 9, 0, 4;
    %cmp/u;
    %jmp/1 T_5.10, 6;
    %dup/vec4;
    %pushi/vec4 10, 0, 4;
    %cmp/u;
    %jmp/1 T_5.11, 6;
    %pushi/vec4 0, 0, 1;
    %store/vec4 v0x6184c7724c20_0, 0, 1;
    %jmp T_5.13;
T_5.2 ;
    %load/vec4 v0x6184c7724b20_0;
    %pad/u 32;
    %cmpi/u 1, 0, 32;
    %flag_inv 5; GE is !LT
    %flag_get/vec4 5;
    %jmp/0 T_5.15, 5;
    %load/vec4 v0x6184c7724b20_0;
    %pad/u 32;
    %cmpi/u 4, 0, 32;
    %flag_get/vec4 4;
    %flag_get/vec4 5;
    %or;
    %and;
T_5.15;
    %flag_set/vec4 8;
    %flag_get/vec4 8;
    %jmp/1 T_5.14, 8;
    %load/vec4 v0x6184c7724b20_0;
    %pad/u 32;
    %cmpi/u 7, 0, 32;
    %flag_inv 5; GE is !LT
    %flag_get/vec4 5;
    %jmp/0 T_5.16, 5;
    %load/vec4 v0x6184c7724b20_0;
    %pad/u 32;
    %cmpi/u 10, 0, 32;
    %flag_get/vec4 4;
    %flag_get/vec4 5;
    %or;
    %and;
T_5.16;
    %or;
T_5.14;
    %store/vec4 v0x6184c7724c20_0, 0, 1;
    %jmp T_5.13;
T_5.3 ;
    %load/vec4 v0x6184c7724b20_0;
    %pad/u 32;
    %cmpi/u 1, 0, 32;
    %flag_inv 5; GE is !LT
    %flag_get/vec4 5;
    %jmp/0 T_5.18, 5;
    %load/vec4 v0x6184c7724b20_0;
    %pad/u 32;
    %cmpi/u 4, 0, 32;
    %flag_get/vec4 4;
    %flag_get/vec4 5;
    %or;
    %and;
T_5.18;
    %flag_set/vec4 8;
    %flag_get/vec4 8;
    %jmp/1 T_5.17, 8;
    %load/vec4 v0x6184c7724b20_0;
    %pad/u 32;
    %cmpi/u 7, 0, 32;
    %flag_inv 5; GE is !LT
    %flag_get/vec4 5;
    %jmp/0 T_5.19, 5;
    %load/vec4 v0x6184c7724b20_0;
    %pad/u 32;
    %cmpi/u 10, 0, 32;
    %flag_get/vec4 4;
    %flag_get/vec4 5;
    %or;
    %and;
T_5.19;
    %or;
T_5.17;
    %store/vec4 v0x6184c7724c20_0, 0, 1;
    %jmp T_5.13;
T_5.4 ;
    %load/vec4 v0x6184c7724b20_0;
    %pad/u 32;
    %cmpi/u 0, 0, 32;
    %flag_inv 5; GE is !LT
    %flag_get/vec4 5;
    %jmp/0 T_5.20, 5;
    %load/vec4 v0x6184c7724b20_0;
    %pad/u 32;
    %cmpi/u 11, 0, 32;
    %flag_get/vec4 4;
    %flag_get/vec4 5;
    %or;
    %and;
T_5.20;
    %store/vec4 v0x6184c7724c20_0, 0, 1;
    %jmp T_5.13;
T_5.5 ;
    %load/vec4 v0x6184c7724b20_0;
    %pad/u 32;
    %cmpi/u 0, 0, 32;
    %flag_inv 5; GE is !LT
    %flag_get/vec4 5;
    %jmp/0 T_5.21, 5;
    %load/vec4 v0x6184c7724b20_0;
    %pad/u 32;
    %cmpi/u 11, 0, 32;
    %flag_get/vec4 4;
    %flag_get/vec4 5;
    %or;
    %and;
T_5.21;
    %store/vec4 v0x6184c7724c20_0, 0, 1;
    %jmp T_5.13;
T_5.6 ;
    %load/vec4 v0x6184c7724b20_0;
    %pad/u 32;
    %cmpi/u 0, 0, 32;
    %flag_inv 5; GE is !LT
    %flag_get/vec4 5;
    %jmp/0 T_5.22, 5;
    %load/vec4 v0x6184c7724b20_0;
    %pad/u 32;
    %cmpi/u 11, 0, 32;
    %flag_get/vec4 4;
    %flag_get/vec4 5;
    %or;
    %and;
T_5.22;
    %store/vec4 v0x6184c7724c20_0, 0, 1;
    %jmp T_5.13;
T_5.7 ;
    %load/vec4 v0x6184c7724b20_0;
    %pad/u 32;
    %cmpi/u 1, 0, 32;
    %flag_inv 5; GE is !LT
    %flag_get/vec4 5;
    %jmp/0 T_5.23, 5;
    %load/vec4 v0x6184c7724b20_0;
    %pad/u 32;
    %cmpi/u 10, 0, 32;
    %flag_get/vec4 4;
    %flag_get/vec4 5;
    %or;
    %and;
T_5.23;
    %store/vec4 v0x6184c7724c20_0, 0, 1;
    %jmp T_5.13;
T_5.8 ;
    %load/vec4 v0x6184c7724b20_0;
    %pad/u 32;
    %cmpi/u 2, 0, 32;
    %flag_inv 5; GE is !LT
    %flag_get/vec4 5;
    %jmp/0 T_5.24, 5;
    %load/vec4 v0x6184c7724b20_0;
    %pad/u 32;
    %cmpi/u 9, 0, 32;
    %flag_get/vec4 4;
    %flag_get/vec4 5;
    %or;
    %and;
T_5.24;
    %store/vec4 v0x6184c7724c20_0, 0, 1;
    %jmp T_5.13;
T_5.9 ;
    %load/vec4 v0x6184c7724b20_0;
    %pad/u 32;
    %cmpi/u 3, 0, 32;
    %flag_inv 5; GE is !LT
    %flag_get/vec4 5;
    %jmp/0 T_5.25, 5;
    %load/vec4 v0x6184c7724b20_0;
    %pad/u 32;
    %cmpi/u 8, 0, 32;
    %flag_get/vec4 4;
    %flag_get/vec4 5;
    %or;
    %and;
T_5.25;
    %store/vec4 v0x6184c7724c20_0, 0, 1;
    %jmp T_5.13;
T_5.10 ;
    %load/vec4 v0x6184c7724b20_0;
    %pad/u 32;
    %cmpi/u 4, 0, 32;
    %flag_inv 5; GE is !LT
    %flag_get/vec4 5;
    %jmp/0 T_5.26, 5;
    %load/vec4 v0x6184c7724b20_0;
    %pad/u 32;
    %cmpi/u 7, 0, 32;
    %flag_get/vec4 4;
    %flag_get/vec4 5;
    %or;
    %and;
T_5.26;
    %store/vec4 v0x6184c7724c20_0, 0, 1;
    %jmp T_5.13;
T_5.11 ;
    %load/vec4 v0x6184c7724b20_0;
    %pad/u 32;
    %cmpi/e 5, 0, 32;
    %flag_get/vec4 4;
    %jmp/1 T_5.27, 4;
    %load/vec4 v0x6184c7724b20_0;
    %pad/u 32;
    %pushi/vec4 6, 0, 32;
    %cmp/e;
    %flag_get/vec4 4;
    %or;
T_5.27;
    %store/vec4 v0x6184c7724c20_0, 0, 1;
    %jmp T_5.13;
T_5.13 ;
    %pop/vec4 1;
T_5.0 ;
    %jmp T_5;
    .thread T_5, $push;
    .scope S_0x6184c78c86d0;
T_6 ;
    %wait E_0x6184c76b9ca0;
    %load/vec4 v0x6184c78c8d00_0;
    %nor/r;
    %flag_set/vec4 8;
    %jmp/0xz  T_6.0, 8;
    %pushi/vec4 0, 0, 15;
    %assign/vec4 v0x6184c78c9070_0, 0;
    %pushi/vec4 0, 0, 8;
    %assign/vec4 v0x6184c78c8df0_0, 0;
    %pushi/vec4 0, 0, 8;
    %assign/vec4 v0x6184c78c8ed0_0, 0;
    %pushi/vec4 0, 0, 8;
    %assign/vec4 v0x6184c78c8a50_0, 0;
    %pushi/vec4 0, 0, 8;
    %assign/vec4 v0x6184c78c8af0_0, 0;
    %jmp T_6.1;
T_6.0 ;
    %load/vec4 v0x6184c78c9070_0;
    %addi 1, 0, 15;
    %assign/vec4 v0x6184c78c9070_0, 0;
    %load/vec4 v0x6184c78c8bd0_0;
    %assign/vec4 v0x6184c78c8df0_0, 0;
    %load/vec4 v0x6184c78c8df0_0;
    %assign/vec4 v0x6184c78c8ed0_0, 0;
    %pushi/vec4 0, 0, 8;
    %assign/vec4 v0x6184c78c8af0_0, 0;
    %load/vec4 v0x6184c78c8fb0_0;
    %flag_set/vec4 8;
    %jmp/0xz  T_6.2, 8;
    %load/vec4 v0x6184c78c8ed0_0;
    %assign/vec4 v0x6184c78c8a50_0, 0;
    %load/vec4 v0x6184c78c8ed0_0;
    %load/vec4 v0x6184c78c8a50_0;
    %inv;
    %and;
    %assign/vec4 v0x6184c78c8af0_0, 0;
T_6.2 ;
T_6.1 ;
    %jmp T_6;
    .thread T_6;
    .scope S_0x6184c78ccba0;
T_7 ;
    %wait E_0x6184c76b9ca0;
    %load/vec4 v0x6184c78ce4b0_0;
    %nor/r;
    %flag_set/vec4 8;
    %jmp/0xz  T_7.0, 8;
    %pushi/vec4 0, 0, 3;
    %assign/vec4 v0x6184c78ce1c0_0, 0;
    %pushi/vec4 0, 0, 3;
    %assign/vec4 v0x6184c78ce040_0, 0;
    %pushi/vec4 0, 0, 1;
    %assign/vec4 v0x6184c78cd910_0, 0;
    %pushi/vec4 0, 0, 1;
    %assign/vec4 v0x6184c78cd870_0, 0;
    %pushi/vec4 0, 0, 1;
    %assign/vec4 v0x6184c78cdaa0_0, 0;
    %pushi/vec4 0, 0, 1;
    %assign/vec4 v0x6184c78cda00_0, 0;
    %pushi/vec4 0, 0, 1;
    %assign/vec4 v0x6184c78ce260_0, 0;
    %pushi/vec4 0, 0, 1;
    %assign/vec4 v0x6184c78ce410_0, 0;
    %jmp T_7.1;
T_7.0 ;
    %load/vec4 v0x6184c78cde50_0;
    %flag_set/vec4 8;
    %jmp/0xz  T_7.2, 8;
    %pushi/vec4 0, 0, 1;
    %assign/vec4 v0x6184c78cd910_0, 0;
    %pushi/vec4 0, 0, 1;
    %assign/vec4 v0x6184c78cd870_0, 0;
    %pushi/vec4 0, 0, 1;
    %assign/vec4 v0x6184c78cdaa0_0, 0;
    %pushi/vec4 0, 0, 1;
    %assign/vec4 v0x6184c78cda00_0, 0;
    %pushi/vec4 0, 0, 1;
    %assign/vec4 v0x6184c78ce260_0, 0;
    %pushi/vec4 0, 0, 1;
    %assign/vec4 v0x6184c78ce410_0, 0;
    %load/vec4 v0x6184c78ce1c0_0;
    %dup/vec4;
    %pushi/vec4 0, 0, 3;
    %cmp/u;
    %jmp/1 T_7.4, 6;
    %dup/vec4;
    %pushi/vec4 1, 0, 3;
    %cmp/u;
    %jmp/1 T_7.5, 6;
    %dup/vec4;
    %pushi/vec4 2, 0, 3;
    %cmp/u;
    %jmp/1 T_7.6, 6;
    %dup/vec4;
    %pushi/vec4 3, 0, 3;
    %cmp/u;
    %jmp/1 T_7.7, 6;
    %dup/vec4;
    %pushi/vec4 4, 0, 3;
    %cmp/u;
    %jmp/1 T_7.8, 6;
    %pushi/vec4 1, 0, 3;
    %assign/vec4 v0x6184c78ce1c0_0, 0;
    %jmp T_7.10;
T_7.4 ;
    %load/vec4 v0x6184c78cdb40_0;
    %flag_set/vec4 8;
    %jmp/0xz  T_7.11, 8;
    %pushi/vec4 1, 0, 1;
    %assign/vec4 v0x6184c78ce410_0, 0;
    %pushi/vec4 1, 0, 3;
    %assign/vec4 v0x6184c78ce1c0_0, 0;
T_7.11 ;
    %jmp T_7.10;
T_7.5 ;
    %load/vec4 v0x6184c78cdf80_0;
    %flag_set/vec4 8;
    %jmp/0xz  T_7.13, 8;
    %pushi/vec4 3, 0, 3;
    %assign/vec4 v0x6184c78ce1c0_0, 0;
    %jmp T_7.14;
T_7.13 ;
    %load/vec4 v0x6184c78ce550_0;
    %flag_set/vec4 8;
    %jmp/0xz  T_7.15, 8;
    %pushi/vec4 4, 0, 3;
    %assign/vec4 v0x6184c78ce1c0_0, 0;
    %jmp T_7.16;
T_7.15 ;
    %load/vec4 v0x6184c78cdbe0_0;
    %parti/s 1, 4, 4;
    %flag_set/vec4 8;
    %jmp/0xz  T_7.17, 8;
    %pushi/vec4 1, 0, 1;
    %assign/vec4 v0x6184c78cd910_0, 0;
T_7.17 ;
    %load/vec4 v0x6184c78cdbe0_0;
    %parti/s 1, 5, 4;
    %flag_set/vec4 8;
    %jmp/0xz  T_7.19, 8;
    %pushi/vec4 1, 0, 1;
    %assign/vec4 v0x6184c78cd870_0, 0;
T_7.19 ;
    %load/vec4 v0x6184c78cdbe0_0;
    %parti/s 1, 6, 4;
    %flag_set/vec4 8;
    %jmp/0xz  T_7.21, 8;
    %pushi/vec4 1, 0, 1;
    %assign/vec4 v0x6184c78cdaa0_0, 0;
T_7.21 ;
    %load/vec4 v0x6184c78cdbe0_0;
    %parti/s 1, 1, 2;
    %flag_set/vec4 8;
    %jmp/0xz  T_7.23, 8;
    %pushi/vec4 1, 0, 1;
    %assign/vec4 v0x6184c78ce260_0, 0;
T_7.23 ;
    %load/vec4 v0x6184c78cdbe0_0;
    %parti/s 1, 7, 4;
    %flag_set/vec4 8;
    %jmp/0xz  T_7.25, 8;
    %pushi/vec4 1, 0, 1;
    %assign/vec4 v0x6184c78cda00_0, 0;
    %pushi/vec4 2, 0, 3;
    %assign/vec4 v0x6184c78ce1c0_0, 0;
T_7.25 ;
T_7.16 ;
T_7.14 ;
    %jmp T_7.10;
T_7.6 ;
    %load/vec4 v0x6184c78cdf80_0;
    %flag_set/vec4 8;
    %jmp/0xz  T_7.27, 8;
    %pushi/vec4 3, 0, 3;
    %assign/vec4 v0x6184c78ce1c0_0, 0;
    %jmp T_7.28;
T_7.27 ;
    %load/vec4 v0x6184c78ce120_0;
    %flag_set/vec4 8;
    %jmp/0xz  T_7.29, 8;
    %pushi/vec4 1, 0, 3;
    %assign/vec4 v0x6184c78ce1c0_0, 0;
T_7.29 ;
T_7.28 ;
    %jmp T_7.10;
T_7.7 ;
    %load/vec4 v0x6184c78cdb40_0;
    %flag_set/vec4 8;
    %jmp/0xz  T_7.31, 8;
    %pushi/vec4 0, 0, 3;
    %assign/vec4 v0x6184c78ce1c0_0, 0;
T_7.31 ;
    %jmp T_7.10;
T_7.8 ;
    %load/vec4 v0x6184c78cdb40_0;
    %flag_set/vec4 8;
    %jmp/0xz  T_7.33, 8;
    %pushi/vec4 0, 0, 3;
    %assign/vec4 v0x6184c78ce1c0_0, 0;
T_7.33 ;
    %jmp T_7.10;
T_7.10 ;
    %pop/vec4 1;
T_7.2 ;
T_7.1 ;
    %jmp T_7;
    .thread T_7;
    .scope S_0x6184c78c3780;
T_8 ;
    %wait E_0x6184c76bc630;
    %load/vec4 v0x6184c78c6d00_0;
    %cmpi/u 0, 0, 3;
    %flag_or 5, 4; GT is !LE
    %flag_inv 5;
    %flag_get/vec4 5;
    %jmp/0 T_8.2, 5;
    %ix/load 4, 0, 0;
    %flag_set/imm 4, 0;
    %load/vec4a v0x6184c78c7830, 4;
    %pushi/vec4 0, 0, 2;
    %cmp/e;
    %flag_get/vec4 4;
    %and;
T_8.2;
    %flag_set/vec4 8;
    %jmp/0 T_8.0, 8;
    %pushi/vec4 1, 0, 3;
    %jmp/1 T_8.1, 8;
T_8.0 ; End of true expr.
    %pushi/vec4 0, 0, 3;
    %jmp/0 T_8.1, 8;
 ; End of false expr.
    %blend;
T_8.1;
    %load/vec4 v0x6184c78c6d00_0;
    %cmpi/u 1, 0, 3;
    %flag_or 5, 4; GT is !LE
    %flag_inv 5;
    %flag_get/vec4 5;
    %jmp/0 T_8.5, 5;
    %ix/load 4, 1, 0;
    %flag_set/imm 4, 0;
    %load/vec4a v0x6184c78c7830, 4;
    %pushi/vec4 0, 0, 2;
    %cmp/e;
    %flag_get/vec4 4;
    %and;
T_8.5;
    %flag_set/vec4 8;
    %jmp/0 T_8.3, 8;
    %pushi/vec4 1, 0, 3;
    %jmp/1 T_8.4, 8;
T_8.3 ; End of true expr.
    %pushi/vec4 0, 0, 3;
    %jmp/0 T_8.4, 8;
 ; End of false expr.
    %blend;
T_8.4;
    %add;
    %load/vec4 v0x6184c78c6d00_0;
    %cmpi/u 2, 0, 3;
    %flag_or 5, 4; GT is !LE
    %flag_inv 5;
    %flag_get/vec4 5;
    %jmp/0 T_8.8, 5;
    %ix/load 4, 2, 0;
    %flag_set/imm 4, 0;
    %load/vec4a v0x6184c78c7830, 4;
    %pushi/vec4 0, 0, 2;
    %cmp/e;
    %flag_get/vec4 4;
    %and;
T_8.8;
    %flag_set/vec4 8;
    %jmp/0 T_8.6, 8;
    %pushi/vec4 1, 0, 3;
    %jmp/1 T_8.7, 8;
T_8.6 ; End of true expr.
    %pushi/vec4 0, 0, 3;
    %jmp/0 T_8.7, 8;
 ; End of false expr.
    %blend;
T_8.7;
    %add;
    %load/vec4 v0x6184c78c6d00_0;
    %cmpi/u 3, 0, 3;
    %flag_or 5, 4; GT is !LE
    %flag_inv 5;
    %flag_get/vec4 5;
    %jmp/0 T_8.11, 5;
    %ix/load 4, 3, 0;
    %flag_set/imm 4, 0;
    %load/vec4a v0x6184c78c7830, 4;
    %pushi/vec4 0, 0, 2;
    %cmp/e;
    %flag_get/vec4 4;
    %and;
T_8.11;
    %flag_set/vec4 8;
    %jmp/0 T_8.9, 8;
    %pushi/vec4 1, 0, 3;
    %jmp/1 T_8.10, 8;
T_8.9 ; End of true expr.
    %pushi/vec4 0, 0, 3;
    %jmp/0 T_8.10, 8;
 ; End of false expr.
    %blend;
T_8.10;
    %add;
    %load/vec4 v0x6184c78c6d00_0;
    %cmpi/u 4, 0, 3;
    %flag_or 5, 4; GT is !LE
    %flag_inv 5;
    %flag_get/vec4 5;
    %jmp/0 T_8.14, 5;
    %ix/load 4, 4, 0;
    %flag_set/imm 4, 0;
    %load/vec4a v0x6184c78c7830, 4;
    %pushi/vec4 0, 0, 2;
    %cmp/e;
    %flag_get/vec4 4;
    %and;
T_8.14;
    %flag_set/vec4 8;
    %jmp/0 T_8.12, 8;
    %pushi/vec4 1, 0, 3;
    %jmp/1 T_8.13, 8;
T_8.12 ; End of true expr.
    %pushi/vec4 0, 0, 3;
    %jmp/0 T_8.13, 8;
 ; End of false expr.
    %blend;
T_8.13;
    %add;
    %load/vec4 v0x6184c78c6d00_0;
    %cmpi/u 5, 0, 3;
    %flag_or 5, 4; GT is !LE
    %flag_inv 5;
    %flag_get/vec4 5;
    %jmp/0 T_8.17, 5;
    %ix/load 4, 5, 0;
    %flag_set/imm 4, 0;
    %load/vec4a v0x6184c78c7830, 4;
    %pushi/vec4 0, 0, 2;
    %cmp/e;
    %flag_get/vec4 4;
    %and;
T_8.17;
    %flag_set/vec4 8;
    %jmp/0 T_8.15, 8;
    %pushi/vec4 1, 0, 3;
    %jmp/1 T_8.16, 8;
T_8.15 ; End of true expr.
    %pushi/vec4 0, 0, 3;
    %jmp/0 T_8.16, 8;
 ; End of false expr.
    %blend;
T_8.16;
    %add;
    %store/vec4 v0x6184c78c7000_0, 0, 3;
    %load/vec4 v0x6184c78c6d00_0;
    %cmpi/u 0, 0, 3;
    %flag_or 5, 4; GT is !LE
    %flag_inv 5;
    %flag_get/vec4 5;
    %jmp/0 T_8.20, 5;
    %ix/load 4, 0, 0;
    %flag_set/imm 4, 0;
    %load/vec4a v0x6184c78c7830, 4;
    %pushi/vec4 1, 0, 2;
    %cmp/e;
    %flag_get/vec4 4;
    %and;
T_8.20;
    %flag_set/vec4 8;
    %jmp/0 T_8.18, 8;
    %pushi/vec4 1, 0, 3;
    %jmp/1 T_8.19, 8;
T_8.18 ; End of true expr.
    %pushi/vec4 0, 0, 3;
    %jmp/0 T_8.19, 8;
 ; End of false expr.
    %blend;
T_8.19;
    %load/vec4 v0x6184c78c6d00_0;
    %cmpi/u 1, 0, 3;
    %flag_or 5, 4; GT is !LE
    %flag_inv 5;
    %flag_get/vec4 5;
    %jmp/0 T_8.23, 5;
    %ix/load 4, 1, 0;
    %flag_set/imm 4, 0;
    %load/vec4a v0x6184c78c7830, 4;
    %pushi/vec4 1, 0, 2;
    %cmp/e;
    %flag_get/vec4 4;
    %and;
T_8.23;
    %flag_set/vec4 8;
    %jmp/0 T_8.21, 8;
    %pushi/vec4 1, 0, 3;
    %jmp/1 T_8.22, 8;
T_8.21 ; End of true expr.
    %pushi/vec4 0, 0, 3;
    %jmp/0 T_8.22, 8;
 ; End of false expr.
    %blend;
T_8.22;
    %add;
    %load/vec4 v0x6184c78c6d00_0;
    %cmpi/u 2, 0, 3;
    %flag_or 5, 4; GT is !LE
    %flag_inv 5;
    %flag_get/vec4 5;
    %jmp/0 T_8.26, 5;
    %ix/load 4, 2, 0;
    %flag_set/imm 4, 0;
    %load/vec4a v0x6184c78c7830, 4;
    %pushi/vec4 1, 0, 2;
    %cmp/e;
    %flag_get/vec4 4;
    %and;
T_8.26;
    %flag_set/vec4 8;
    %jmp/0 T_8.24, 8;
    %pushi/vec4 1, 0, 3;
    %jmp/1 T_8.25, 8;
T_8.24 ; End of true expr.
    %pushi/vec4 0, 0, 3;
    %jmp/0 T_8.25, 8;
 ; End of false expr.
    %blend;
T_8.25;
    %add;
    %load/vec4 v0x6184c78c6d00_0;
    %cmpi/u 3, 0, 3;
    %flag_or 5, 4; GT is !LE
    %flag_inv 5;
    %flag_get/vec4 5;
    %jmp/0 T_8.29, 5;
    %ix/load 4, 3, 0;
    %flag_set/imm 4, 0;
    %load/vec4a v0x6184c78c7830, 4;
    %pushi/vec4 1, 0, 2;
    %cmp/e;
    %flag_get/vec4 4;
    %and;
T_8.29;
    %flag_set/vec4 8;
    %jmp/0 T_8.27, 8;
    %pushi/vec4 1, 0, 3;
    %jmp/1 T_8.28, 8;
T_8.27 ; End of true expr.
    %pushi/vec4 0, 0, 3;
    %jmp/0 T_8.28, 8;
 ; End of false expr.
    %blend;
T_8.28;
    %add;
    %load/vec4 v0x6184c78c6d00_0;
    %cmpi/u 4, 0, 3;
    %flag_or 5, 4; GT is !LE
    %flag_inv 5;
    %flag_get/vec4 5;
    %jmp/0 T_8.32, 5;
    %ix/load 4, 4, 0;
    %flag_set/imm 4, 0;
    %load/vec4a v0x6184c78c7830, 4;
    %pushi/vec4 1, 0, 2;
    %cmp/e;
    %flag_get/vec4 4;
    %and;
T_8.32;
    %flag_set/vec4 8;
    %jmp/0 T_8.30, 8;
    %pushi/vec4 1, 0, 3;
    %jmp/1 T_8.31, 8;
T_8.30 ; End of true expr.
    %pushi/vec4 0, 0, 3;
    %jmp/0 T_8.31, 8;
 ; End of false expr.
    %blend;
T_8.31;
    %add;
    %load/vec4 v0x6184c78c6d00_0;
    %cmpi/u 5, 0, 3;
    %flag_or 5, 4; GT is !LE
    %flag_inv 5;
    %flag_get/vec4 5;
    %jmp/0 T_8.35, 5;
    %ix/load 4, 5, 0;
    %flag_set/imm 4, 0;
    %load/vec4a v0x6184c78c7830, 4;
    %pushi/vec4 1, 0, 2;
    %cmp/e;
    %flag_get/vec4 4;
    %and;
T_8.35;
    %flag_set/vec4 8;
    %jmp/0 T_8.33, 8;
    %pushi/vec4 1, 0, 3;
    %jmp/1 T_8.34, 8;
T_8.33 ; End of true expr.
    %pushi/vec4 0, 0, 3;
    %jmp/0 T_8.34, 8;
 ; End of false expr.
    %blend;
T_8.34;
    %add;
    %store/vec4 v0x6184c78c70e0_0, 0, 3;
    %load/vec4 v0x6184c78c6d00_0;
    %cmpi/u 0, 0, 3;
    %flag_or 5, 4; GT is !LE
    %flag_inv 5;
    %flag_get/vec4 5;
    %jmp/0 T_8.38, 5;
    %ix/load 4, 0, 0;
    %flag_set/imm 4, 0;
    %load/vec4a v0x6184c78c7830, 4;
    %pushi/vec4 2, 0, 2;
    %cmp/e;
    %flag_get/vec4 4;
    %and;
T_8.38;
    %flag_set/vec4 8;
    %jmp/0 T_8.36, 8;
    %pushi/vec4 1, 0, 3;
    %jmp/1 T_8.37, 8;
T_8.36 ; End of true expr.
    %pushi/vec4 0, 0, 3;
    %jmp/0 T_8.37, 8;
 ; End of false expr.
    %blend;
T_8.37;
    %load/vec4 v0x6184c78c6d00_0;
    %cmpi/u 1, 0, 3;
    %flag_or 5, 4; GT is !LE
    %flag_inv 5;
    %flag_get/vec4 5;
    %jmp/0 T_8.41, 5;
    %ix/load 4, 1, 0;
    %flag_set/imm 4, 0;
    %load/vec4a v0x6184c78c7830, 4;
    %pushi/vec4 2, 0, 2;
    %cmp/e;
    %flag_get/vec4 4;
    %and;
T_8.41;
    %flag_set/vec4 8;
    %jmp/0 T_8.39, 8;
    %pushi/vec4 1, 0, 3;
    %jmp/1 T_8.40, 8;
T_8.39 ; End of true expr.
    %pushi/vec4 0, 0, 3;
    %jmp/0 T_8.40, 8;
 ; End of false expr.
    %blend;
T_8.40;
    %add;
    %load/vec4 v0x6184c78c6d00_0;
    %cmpi/u 2, 0, 3;
    %flag_or 5, 4; GT is !LE
    %flag_inv 5;
    %flag_get/vec4 5;
    %jmp/0 T_8.44, 5;
    %ix/load 4, 2, 0;
    %flag_set/imm 4, 0;
    %load/vec4a v0x6184c78c7830, 4;
    %pushi/vec4 2, 0, 2;
    %cmp/e;
    %flag_get/vec4 4;
    %and;
T_8.44;
    %flag_set/vec4 8;
    %jmp/0 T_8.42, 8;
    %pushi/vec4 1, 0, 3;
    %jmp/1 T_8.43, 8;
T_8.42 ; End of true expr.
    %pushi/vec4 0, 0, 3;
    %jmp/0 T_8.43, 8;
 ; End of false expr.
    %blend;
T_8.43;
    %add;
    %load/vec4 v0x6184c78c6d00_0;
    %cmpi/u 3, 0, 3;
    %flag_or 5, 4; GT is !LE
    %flag_inv 5;
    %flag_get/vec4 5;
    %jmp/0 T_8.47, 5;
    %ix/load 4, 3, 0;
    %flag_set/imm 4, 0;
    %load/vec4a v0x6184c78c7830, 4;
    %pushi/vec4 2, 0, 2;
    %cmp/e;
    %flag_get/vec4 4;
    %and;
T_8.47;
    %flag_set/vec4 8;
    %jmp/0 T_8.45, 8;
    %pushi/vec4 1, 0, 3;
    %jmp/1 T_8.46, 8;
T_8.45 ; End of true expr.
    %pushi/vec4 0, 0, 3;
    %jmp/0 T_8.46, 8;
 ; End of false expr.
    %blend;
T_8.46;
    %add;
    %load/vec4 v0x6184c78c6d00_0;
    %cmpi/u 4, 0, 3;
    %flag_or 5, 4; GT is !LE
    %flag_inv 5;
    %flag_get/vec4 5;
    %jmp/0 T_8.50, 5;
    %ix/load 4, 4, 0;
    %flag_set/imm 4, 0;
    %load/vec4a v0x6184c78c7830, 4;
    %pushi/vec4 2, 0, 2;
    %cmp/e;
    %flag_get/vec4 4;
    %and;
T_8.50;
    %flag_set/vec4 8;
    %jmp/0 T_8.48, 8;
    %pushi/vec4 1, 0, 3;
    %jmp/1 T_8.49, 8;
T_8.48 ; End of true expr.
    %pushi/vec4 0, 0, 3;
    %jmp/0 T_8.49, 8;
 ; End of false expr.
    %blend;
T_8.49;
    %add;
    %load/vec4 v0x6184c78c6d00_0;
    %cmpi/u 5, 0, 3;
    %flag_or 5, 4; GT is !LE
    %flag_inv 5;
    %flag_get/vec4 5;
    %jmp/0 T_8.53, 5;
    %ix/load 4, 5, 0;
    %flag_set/imm 4, 0;
    %load/vec4a v0x6184c78c7830, 4;
    %pushi/vec4 2, 0, 2;
    %cmp/e;
    %flag_get/vec4 4;
    %and;
T_8.53;
    %flag_set/vec4 8;
    %jmp/0 T_8.51, 8;
    %pushi/vec4 1, 0, 3;
    %jmp/1 T_8.52, 8;
T_8.51 ; End of true expr.
    %pushi/vec4 0, 0, 3;
    %jmp/0 T_8.52, 8;
 ; End of false expr.
    %blend;
T_8.52;
    %add;
    %store/vec4 v0x6184c78c71c0_0, 0, 3;
    %load/vec4 v0x6184c78c6d00_0;
    %cmpi/u 0, 0, 3;
    %flag_or 5, 4; GT is !LE
    %flag_inv 5;
    %flag_get/vec4 5;
    %jmp/0 T_8.56, 5;
    %ix/load 4, 0, 0;
    %flag_set/imm 4, 0;
    %load/vec4a v0x6184c78c7830, 4;
    %pushi/vec4 3, 0, 2;
    %cmp/e;
    %flag_get/vec4 4;
    %and;
T_8.56;
    %flag_set/vec4 8;
    %jmp/0 T_8.54, 8;
    %pushi/vec4 1, 0, 3;
    %jmp/1 T_8.55, 8;
T_8.54 ; End of true expr.
    %pushi/vec4 0, 0, 3;
    %jmp/0 T_8.55, 8;
 ; End of false expr.
    %blend;
T_8.55;
    %load/vec4 v0x6184c78c6d00_0;
    %cmpi/u 1, 0, 3;
    %flag_or 5, 4; GT is !LE
    %flag_inv 5;
    %flag_get/vec4 5;
    %jmp/0 T_8.59, 5;
    %ix/load 4, 1, 0;
    %flag_set/imm 4, 0;
    %load/vec4a v0x6184c78c7830, 4;
    %pushi/vec4 3, 0, 2;
    %cmp/e;
    %flag_get/vec4 4;
    %and;
T_8.59;
    %flag_set/vec4 8;
    %jmp/0 T_8.57, 8;
    %pushi/vec4 1, 0, 3;
    %jmp/1 T_8.58, 8;
T_8.57 ; End of true expr.
    %pushi/vec4 0, 0, 3;
    %jmp/0 T_8.58, 8;
 ; End of false expr.
    %blend;
T_8.58;
    %add;
    %load/vec4 v0x6184c78c6d00_0;
    %cmpi/u 2, 0, 3;
    %flag_or 5, 4; GT is !LE
    %flag_inv 5;
    %flag_get/vec4 5;
    %jmp/0 T_8.62, 5;
    %ix/load 4, 2, 0;
    %flag_set/imm 4, 0;
    %load/vec4a v0x6184c78c7830, 4;
    %pushi/vec4 3, 0, 2;
    %cmp/e;
    %flag_get/vec4 4;
    %and;
T_8.62;
    %flag_set/vec4 8;
    %jmp/0 T_8.60, 8;
    %pushi/vec4 1, 0, 3;
    %jmp/1 T_8.61, 8;
T_8.60 ; End of true expr.
    %pushi/vec4 0, 0, 3;
    %jmp/0 T_8.61, 8;
 ; End of false expr.
    %blend;
T_8.61;
    %add;
    %load/vec4 v0x6184c78c6d00_0;
    %cmpi/u 3, 0, 3;
    %flag_or 5, 4; GT is !LE
    %flag_inv 5;
    %flag_get/vec4 5;
    %jmp/0 T_8.65, 5;
    %ix/load 4, 3, 0;
    %flag_set/imm 4, 0;
    %load/vec4a v0x6184c78c7830, 4;
    %pushi/vec4 3, 0, 2;
    %cmp/e;
    %flag_get/vec4 4;
    %and;
T_8.65;
    %flag_set/vec4 8;
    %jmp/0 T_8.63, 8;
    %pushi/vec4 1, 0, 3;
    %jmp/1 T_8.64, 8;
T_8.63 ; End of true expr.
    %pushi/vec4 0, 0, 3;
    %jmp/0 T_8.64, 8;
 ; End of false expr.
    %blend;
T_8.64;
    %add;
    %load/vec4 v0x6184c78c6d00_0;
    %cmpi/u 4, 0, 3;
    %flag_or 5, 4; GT is !LE
    %flag_inv 5;
    %flag_get/vec4 5;
    %jmp/0 T_8.68, 5;
    %ix/load 4, 4, 0;
    %flag_set/imm 4, 0;
    %load/vec4a v0x6184c78c7830, 4;
    %pushi/vec4 3, 0, 2;
    %cmp/e;
    %flag_get/vec4 4;
    %and;
T_8.68;
    %flag_set/vec4 8;
    %jmp/0 T_8.66, 8;
    %pushi/vec4 1, 0, 3;
    %jmp/1 T_8.67, 8;
T_8.66 ; End of true expr.
    %pushi/vec4 0, 0, 3;
    %jmp/0 T_8.67, 8;
 ; End of false expr.
    %blend;
T_8.67;
    %add;
    %load/vec4 v0x6184c78c6d00_0;
    %cmpi/u 5, 0, 3;
    %flag_or 5, 4; GT is !LE
    %flag_inv 5;
    %flag_get/vec4 5;
    %jmp/0 T_8.71, 5;
    %ix/load 4, 5, 0;
    %flag_set/imm 4, 0;
    %load/vec4a v0x6184c78c7830, 4;
    %pushi/vec4 3, 0, 2;
    %cmp/e;
    %flag_get/vec4 4;
    %and;
T_8.71;
    %flag_set/vec4 8;
    %jmp/0 T_8.69, 8;
    %pushi/vec4 1, 0, 3;
    %jmp/1 T_8.70, 8;
T_8.69 ; End of true expr.
    %pushi/vec4 0, 0, 3;
    %jmp/0 T_8.70, 8;
 ; End of false expr.
    %blend;
T_8.70;
    %add;
    %store/vec4 v0x6184c78c72a0_0, 0, 3;
    %jmp T_8;
    .thread T_8, $push;
    .scope S_0x6184c78c3780;
T_9 ;
    %wait E_0x6184c76baa10;
    %load/vec4 v0x6184c78c83d0_0;
    %flag_set/vec4 8;
    %jmp/0xz  T_9.0, 8;
    %pushi/vec4 3, 0, 2;
    %store/vec4 v0x6184c78c6f40_0, 0, 2;
    %jmp T_9.1;
T_9.0 ;
    %load/vec4 v0x6184c78c7c10_0;
    %dup/vec4;
    %pushi/vec4 2, 0, 3;
    %cmp/u;
    %jmp/1 T_9.2, 6;
    %dup/vec4;
    %pushi/vec4 3, 0, 3;
    %cmp/u;
    %jmp/1 T_9.3, 6;
    %pushi/vec4 0, 0, 2;
    %store/vec4 v0x6184c78c6f40_0, 0, 2;
    %jmp T_9.5;
T_9.2 ;
    %pushi/vec4 1, 0, 2;
    %store/vec4 v0x6184c78c6f40_0, 0, 2;
    %jmp T_9.5;
T_9.3 ;
    %pushi/vec4 2, 0, 2;
    %store/vec4 v0x6184c78c6f40_0, 0, 2;
    %jmp T_9.5;
T_9.5 ;
    %pop/vec4 1;
T_9.1 ;
    %jmp T_9;
    .thread T_9, $push;
    .scope S_0x6184c78c3780;
T_10 ;
    %wait E_0x6184c76b9ca0;
    %load/vec4 v0x6184c78c80b0_0;
    %nor/r;
    %flag_set/vec4 8;
    %jmp/1 T_10.2, 8;
    %load/vec4 v0x6184c78c7ff0_0;
    %flag_set/vec4 9;
    %flag_or 8, 9;
T_10.2;
    %jmp/0xz  T_10.0, 8;
    %pushi/vec4 0, 0, 1;
    %assign/vec4 v0x6184c78c6ac0_0, 0;
    %pushi/vec4 0, 0, 2;
    %assign/vec4 v0x6184c78c7a70_0, 0;
    %jmp T_10.1;
T_10.0 ;
    %load/vec4 v0x6184c78c6de0_0;
    %flag_set/vec4 8;
    %jmp/0xz  T_10.3, 8;
    %pushi/vec4 1, 0, 1;
    %assign/vec4 v0x6184c78c6ac0_0, 0;
    %load/vec4 v0x6184c78c82f0_0;
    %assign/vec4 v0x6184c78c7a70_0, 0;
    %jmp T_10.4;
T_10.3 ;
    %load/vec4 v0x6184c78c7380_0;
    %flag_set/vec4 8;
    %jmp/0xz  T_10.5, 8;
    %pushi/vec4 0, 0, 1;
    %assign/vec4 v0x6184c78c6ac0_0, 0;
    %pushi/vec4 0, 0, 2;
    %assign/vec4 v0x6184c78c7a70_0, 0;
T_10.5 ;
T_10.4 ;
T_10.1 ;
    %jmp T_10;
    .thread T_10;
    .scope S_0x6184c78c3780;
T_11 ;
    %wait E_0x6184c76b9ca0;
    %load/vec4 v0x6184c78c80b0_0;
    %nor/r;
    %flag_set/vec4 8;
    %jmp/1 T_11.2, 8;
    %load/vec4 v0x6184c78c7ff0_0;
    %flag_set/vec4 9;
    %flag_or 8, 9;
T_11.2;
    %jmp/0xz  T_11.0, 8;
    %pushi/vec4 0, 0, 32;
    %store/vec4 v0x6184c78c7990_0, 0, 32;
T_11.3 ;
    %load/vec4 v0x6184c78c7990_0;
    %cmpi/s 6, 0, 32;
    %jmp/0xz T_11.4, 5;
    %pushi/vec4 0, 0, 2;
    %ix/getv/s 3, v0x6184c78c7990_0;
    %ix/load 4, 0, 0; Constant delay
    %assign/vec4/a/d v0x6184c78c7830, 0, 4;
    %load/vec4 v0x6184c78c7990_0;
    %addi 1, 0, 32;
    %store/vec4 v0x6184c78c7990_0, 0, 32;
    %jmp T_11.3;
T_11.4 ;
    %pushi/vec4 0, 0, 3;
    %assign/vec4 v0x6184c78c6d00_0, 0;
    %pushi/vec4 0, 0, 1;
    %assign/vec4 v0x6184c78c7cf0_0, 0;
    %pushi/vec4 0, 0, 1;
    %assign/vec4 v0x6184c78c7db0_0, 0;
    %pushi/vec4 0, 0, 1;
    %assign/vec4 v0x6184c78c7f30_0, 0;
    %pushi/vec4 0, 0, 1;
    %assign/vec4 v0x6184c78c7e70_0, 0;
    %jmp T_11.1;
T_11.0 ;
    %load/vec4 v0x6184c78c7380_0;
    %flag_set/vec4 8;
    %jmp/0xz  T_11.5, 8;
    %pushi/vec4 0, 0, 1;
    %assign/vec4 v0x6184c78c7cf0_0, 0;
    %pushi/vec4 0, 0, 1;
    %assign/vec4 v0x6184c78c7db0_0, 0;
    %pushi/vec4 0, 0, 1;
    %assign/vec4 v0x6184c78c7f30_0, 0;
    %pushi/vec4 0, 0, 1;
    %assign/vec4 v0x6184c78c7e70_0, 0;
    %load/vec4 v0x6184c78c6ac0_0;
    %flag_set/vec4 8;
    %jmp/1 T_11.9, 8;
    %load/vec4 v0x6184c78c6de0_0;
    %flag_set/vec4 9;
    %flag_or 8, 9;
T_11.9;
    %jmp/0xz  T_11.7, 8;
    %pushi/vec4 5, 0, 32;
    %store/vec4 v0x6184c78c7990_0, 0, 32;
T_11.10 ;
    %load/vec4 v0x6184c78c7990_0;
    %cmpi/s 0, 0, 32;
    %flag_or 5, 4; GT is !LE
    %flag_inv 5;
    %jmp/0xz T_11.11, 5;
    %load/vec4 v0x6184c78c7990_0;
    %subi 1, 0, 32;
    %ix/vec4/s 4;
    %load/vec4a v0x6184c78c7830, 4;
    %ix/getv/s 3, v0x6184c78c7990_0;
    %ix/load 4, 0, 0; Constant delay
    %assign/vec4/a/d v0x6184c78c7830, 0, 4;
    %load/vec4 v0x6184c78c7990_0;
    %subi 1, 0, 32;
    %store/vec4 v0x6184c78c7990_0, 0, 32;
    %jmp T_11.10;
T_11.11 ;
    %load/vec4 v0x6184c78c6ac0_0;
    %flag_set/vec4 8;
    %jmp/0 T_11.12, 8;
    %load/vec4 v0x6184c78c7a70_0;
    %jmp/1 T_11.13, 8;
T_11.12 ; End of true expr.
    %load/vec4 v0x6184c78c82f0_0;
    %jmp/0 T_11.13, 8;
 ; End of false expr.
    %blend;
T_11.13;
    %ix/load 3, 0, 0;
    %flag_set/imm 4, 0;
    %ix/load 4, 0, 0; Constant delay
    %assign/vec4/a/d v0x6184c78c7830, 0, 4;
    %load/vec4 v0x6184c78c6d00_0;
    %cmpi/u 6, 0, 3;
    %jmp/0xz  T_11.14, 5;
    %load/vec4 v0x6184c78c6d00_0;
    %addi 1, 0, 3;
    %assign/vec4 v0x6184c78c6d00_0, 0;
T_11.14 ;
    %load/vec4 v0x6184c78c6d00_0;
    %cmpi/u 3, 0, 3;
    %flag_inv 5; GE is !LT
    %flag_get/vec4 5;
    %jmp/0 T_11.18, 5;
    %load/vec4 v0x6184c78c83d0_0;
    %and;
T_11.18;
    %flag_set/vec4 8;
    %jmp/0xz  T_11.16, 8;
    %pushi/vec4 1, 0, 1;
    %assign/vec4 v0x6184c78c7f30_0, 0;
    %jmp T_11.17;
T_11.16 ;
    %load/vec4 v0x6184c78c6d00_0;
    %cmpi/u 5, 0, 3;
    %flag_inv 5; GE is !LT
    %flag_get/vec4 5;
    %jmp/0 T_11.21, 5;
    %load/vec4 v0x6184c78c7b50_0;
    %and;
T_11.21;
    %flag_set/vec4 8;
    %jmp/0xz  T_11.19, 8;
    %pushi/vec4 1, 0, 1;
    %assign/vec4 v0x6184c78c7e70_0, 0;
T_11.19 ;
T_11.17 ;
    %load/vec4 v0x6184c78c6d00_0;
    %cmpi/u 3, 0, 3;
    %flag_inv 5; GE is !LT
    %flag_get/vec4 5;
    %jmp/0 T_11.25, 5;
    %load/vec4 v0x6184c78c83d0_0;
    %and;
T_11.25;
    %flag_set/vec4 9;
    %flag_get/vec4 9;
    %jmp/0 T_11.24, 9;
    %load/vec4 v0x6184c78c8150_0;
    %cmpi/e 2, 0, 3;
    %jmp/1 T_11.27, 4;
    %flag_mov 9, 4;
    %load/vec4 v0x6184c78c8150_0;
    %cmpi/e 3, 0, 3;
    %flag_or 4, 9;
T_11.27;
    %flag_get/vec4 4;
    %jmp/1 T_11.26, 4;
    %load/vec4 v0x6184c78c8150_0;
    %pushi/vec4 4, 0, 3;
    %cmp/e;
    %flag_get/vec4 4;
    %or;
T_11.26;
    %and;
T_11.24;
    %flag_set/vec4 8;
    %jmp/0xz  T_11.22, 8;
    %pushi/vec4 1, 0, 1;
    %assign/vec4 v0x6184c78c7cf0_0, 0;
    %jmp T_11.23;
T_11.22 ;
    %load/vec4 v0x6184c78c6d00_0;
    %cmpi/u 5, 0, 3;
    %flag_inv 5; GE is !LT
    %flag_get/vec4 5;
    %jmp/0 T_11.31, 5;
    %load/vec4 v0x6184c78c7b50_0;
    %and;
T_11.31;
    %flag_set/vec4 9;
    %flag_get/vec4 9;
    %jmp/0 T_11.30, 9;
    %load/vec4 v0x6184c78c8150_0;
    %cmpi/e 2, 0, 3;
    %jmp/1 T_11.33, 4;
    %flag_mov 9, 4;
    %load/vec4 v0x6184c78c8150_0;
    %cmpi/e 1, 0, 3;
    %flag_or 4, 9;
T_11.33;
    %flag_get/vec4 4;
    %jmp/1 T_11.32, 4;
    %load/vec4 v0x6184c78c8150_0;
    %pushi/vec4 0, 0, 3;
    %cmp/e;
    %flag_get/vec4 4;
    %or;
T_11.32;
    %and;
T_11.30;
    %flag_set/vec4 8;
    %jmp/0xz  T_11.28, 8;
    %pushi/vec4 1, 0, 1;
    %assign/vec4 v0x6184c78c7db0_0, 0;
T_11.28 ;
T_11.23 ;
T_11.7 ;
T_11.5 ;
T_11.1 ;
    %jmp T_11;
    .thread T_11;
    .scope S_0x6184c78c9b30;
T_12 ;
    %wait E_0x6184c76b9ca0;
    %load/vec4 v0x6184c78cadf0_0;
    %nor/r;
    %flag_set/vec4 8;
    %jmp/0xz  T_12.0, 8;
    %pushi/vec4 44257, 0, 16;
    %assign/vec4 v0x6184c78cab50_0, 0;
    %pushi/vec4 48850, 0, 16;
    %assign/vec4 v0x6184c78cac30_0, 0;
    %jmp T_12.1;
T_12.0 ;
    %load/vec4 v0x6184c78caab0_0;
    %flag_set/vec4 8;
    %jmp/0xz  T_12.2, 8;
    %load/vec4 v0x6184c78cab50_0;
    %parti/s 15, 0, 2;
    %load/vec4 v0x6184c78ca930_0;
    %concat/vec4; draw_concat_vec4
    %assign/vec4 v0x6184c78cab50_0, 0;
    %load/vec4 v0x6184c78cab50_0;
    %parti/s 1, 0, 2;
    %flag_set/vec4 8;
    %jmp/0xz  T_12.4, 8;
    %load/vec4 v0x6184c78cac30_0;
    %parti/s 15, 0, 2;
    %load/vec4 v0x6184c78ca9f0_0;
    %concat/vec4; draw_concat_vec4
    %assign/vec4 v0x6184c78cac30_0, 0;
T_12.4 ;
T_12.2 ;
T_12.1 ;
    %jmp T_12;
    .thread T_12;
    .scope S_0x6184c78c91f0;
T_13 ;
    %wait E_0x6184c78c2b50;
    %load/vec4 v0x6184c78cc6e0_0;
    %dup/vec4;
    %pushi/vec4 0, 0, 4;
    %cmp/u;
    %jmp/1 T_13.0, 6;
    %dup/vec4;
    %pushi/vec4 1, 0, 4;
    %cmp/u;
    %jmp/1 T_13.1, 6;
    %dup/vec4;
    %pushi/vec4 2, 0, 4;
    %cmp/u;
    %jmp/1 T_13.2, 6;
    %dup/vec4;
    %pushi/vec4 3, 0, 4;
    %cmp/u;
    %jmp/1 T_13.3, 6;
    %dup/vec4;
    %pushi/vec4 4, 0, 4;
    %cmp/u;
    %jmp/1 T_13.4, 6;
    %dup/vec4;
    %pushi/vec4 5, 0, 4;
    %cmp/u;
    %jmp/1 T_13.5, 6;
    %pushi/vec4 1, 0, 3;
    %store/vec4 v0x6184c78cbec0_0, 0, 3;
    %pushi/vec4 2, 0, 3;
    %store/vec4 v0x6184c78cbfa0_0, 0, 3;
    %pushi/vec4 4, 0, 3;
    %store/vec4 v0x6184c78cc080_0, 0, 3;
    %pushi/vec4 0, 0, 8;
    %store/vec4 v0x6184c78cc600_0, 0, 8;
    %jmp T_13.7;
T_13.0 ;
    %pushi/vec4 0, 0, 3;
    %store/vec4 v0x6184c78cbec0_0, 0, 3;
    %pushi/vec4 0, 0, 3;
    %store/vec4 v0x6184c78cbfa0_0, 0, 3;
    %pushi/vec4 3, 0, 3;
    %store/vec4 v0x6184c78cc080_0, 0, 3;
    %pushi/vec4 40, 0, 8;
    %store/vec4 v0x6184c78cc600_0, 0, 8;
    %jmp T_13.7;
T_13.1 ;
    %pushi/vec4 0, 0, 3;
    %store/vec4 v0x6184c78cbec0_0, 0, 3;
    %pushi/vec4 1, 0, 3;
    %store/vec4 v0x6184c78cbfa0_0, 0, 3;
    %pushi/vec4 2, 0, 3;
    %store/vec4 v0x6184c78cc080_0, 0, 3;
    %pushi/vec4 60, 0, 8;
    %store/vec4 v0x6184c78cc600_0, 0, 8;
    %jmp T_13.7;
T_13.2 ;
    %pushi/vec4 0, 0, 3;
    %store/vec4 v0x6184c78cbec0_0, 0, 3;
    %pushi/vec4 1, 0, 3;
    %store/vec4 v0x6184c78cbfa0_0, 0, 3;
    %pushi/vec4 4, 0, 3;
    %store/vec4 v0x6184c78cc080_0, 0, 3;
    %pushi/vec4 100, 0, 8;
    %store/vec4 v0x6184c78cc600_0, 0, 8;
    %jmp T_13.7;
T_13.3 ;
    %pushi/vec4 0, 0, 3;
    %store/vec4 v0x6184c78cbec0_0, 0, 3;
    %pushi/vec4 1, 0, 3;
    %store/vec4 v0x6184c78cbfa0_0, 0, 3;
    %pushi/vec4 4, 0, 3;
    %store/vec4 v0x6184c78cc080_0, 0, 3;
    %pushi/vec4 160, 0, 8;
    %store/vec4 v0x6184c78cc600_0, 0, 8;
    %jmp T_13.7;
T_13.4 ;
    %pushi/vec4 1, 0, 3;
    %store/vec4 v0x6184c78cbec0_0, 0, 3;
    %pushi/vec4 1, 0, 3;
    %store/vec4 v0x6184c78cbfa0_0, 0, 3;
    %pushi/vec4 4, 0, 3;
    %store/vec4 v0x6184c78cc080_0, 0, 3;
    %pushi/vec4 0, 0, 8;
    %store/vec4 v0x6184c78cc600_0, 0, 8;
    %jmp T_13.7;
T_13.5 ;
    %pushi/vec4 1, 0, 3;
    %store/vec4 v0x6184c78cbec0_0, 0, 3;
    %pushi/vec4 2, 0, 3;
    %store/vec4 v0x6184c78cbfa0_0, 0, 3;
    %pushi/vec4 4, 0, 3;
    %store/vec4 v0x6184c78cc080_0, 0, 3;
    %pushi/vec4 0, 0, 8;
    %store/vec4 v0x6184c78cc600_0, 0, 8;
    %jmp T_13.7;
T_13.7 ;
    %pop/vec4 1;
    %jmp T_13;
    .thread T_13, $push;
    .scope S_0x6184c78c91f0;
T_14 ;
    %wait E_0x6184c76b9ca0;
    %load/vec4 v0x6184c78cc7c0_0;
    %nor/r;
    %flag_set/vec4 8;
    %jmp/0xz  T_14.0, 8;
    %pushi/vec4 0, 0, 2;
    %assign/vec4 v0x6184c78cb860_0, 0;
    %pushi/vec4 0, 0, 2;
    %assign/vec4 v0x6184c78cb780_0, 0;
    %pushi/vec4 0, 0, 3;
    %assign/vec4 v0x6184c78cb6c0_0, 0;
    %pushi/vec4 0, 0, 8;
    %assign/vec4 v0x6184c78cc940_0, 0;
    %pushi/vec4 0, 0, 1;
    %assign/vec4 v0x6184c78cbb70_0, 0;
    %pushi/vec4 0, 0, 1;
    %assign/vec4 v0x6184c78cc160_0, 0;
    %pushi/vec4 0, 0, 10;
    %assign/vec4 v0x6184c78cc220_0, 0;
    %pushi/vec4 0, 0, 4;
    %assign/vec4 v0x6184c78cc6e0_0, 0;
    %pushi/vec4 0, 0, 10;
    %assign/vec4 v0x6184c78cc300_0, 0;
    %pushi/vec4 0, 0, 1;
    %assign/vec4 v0x6184c78cc4a0_0, 0;
    %pushi/vec4 0, 0, 1;
    %assign/vec4 v0x6184c78cc540_0, 0;
    %pushi/vec4 0, 0, 32;
    %store/vec4 v0x6184c78cbcd0_0, 0, 32;
T_14.2 ;
    %load/vec4 v0x6184c78cbcd0_0;
    %cmpi/s 3, 0, 32;
    %jmp/0xz T_14.3, 5;
    %pushi/vec4 0, 0, 3;
    %ix/getv/s 3, v0x6184c78cbcd0_0;
    %ix/load 4, 0, 0; Constant delay
    %assign/vec4/a/d v0x6184c78cba50, 0, 4;
    %load/vec4 v0x6184c78cbcd0_0;
    %addi 1, 0, 32;
    %store/vec4 v0x6184c78cbcd0_0, 0, 32;
    %jmp T_14.2;
T_14.3 ;
    %jmp T_14.1;
T_14.0 ;
    %load/vec4 v0x6184c78cbc30_0;
    %flag_set/vec4 8;
    %jmp/0xz  T_14.4, 8;
    %pushi/vec4 0, 0, 1;
    %assign/vec4 v0x6184c78cc4a0_0, 0;
    %pushi/vec4 0, 0, 1;
    %assign/vec4 v0x6184c78cc540_0, 0;
    %pushi/vec4 0, 0, 1;
    %assign/vec4 v0x6184c78cc160_0, 0;
    %load/vec4 v0x6184c78cc940_0;
    %pad/u 32;
    %cmpi/ne 0, 0, 32;
    %jmp/0xz  T_14.6, 4;
    %load/vec4 v0x6184c78cc940_0;
    %subi 1, 0, 8;
    %assign/vec4 v0x6184c78cc940_0, 0;
T_14.6 ;
    %load/vec4 v0x6184c78cb540_0;
    %flag_set/vec4 8;
    %jmp/0xz  T_14.8, 8;
    %load/vec4 v0x6184c78cb860_0;
    %dup/vec4;
    %pushi/vec4 0, 0, 2;
    %cmp/u;
    %jmp/1 T_14.10, 6;
    %dup/vec4;
    %pushi/vec4 1, 0, 2;
    %cmp/u;
    %jmp/1 T_14.11, 6;
    %dup/vec4;
    %pushi/vec4 2, 0, 2;
    %cmp/u;
    %jmp/1 T_14.12, 6;
    %dup/vec4;
    %pushi/vec4 3, 0, 2;
    %cmp/u;
    %jmp/1 T_14.13, 6;
    %pushi/vec4 0, 0, 2;
    %assign/vec4 v0x6184c78cb860_0, 0;
    %jmp T_14.15;
T_14.10 ;
    %load/vec4 v0x6184c78cbb70_0;
    %nor/r;
    %flag_set/vec4 8;
    %jmp/0xz  T_14.16, 8;
    %pushi/vec4 1, 0, 1;
    %assign/vec4 v0x6184c78cbb70_0, 0;
    %load/vec4 v0x6184c78cc860_0;
    %dup/vec4;
    %pushi/vec4 0, 0, 3;
    %cmp/u;
    %jmp/1 T_14.18, 6;
    %dup/vec4;
    %pushi/vec4 1, 0, 3;
    %cmp/u;
    %jmp/1 T_14.19, 6;
    %dup/vec4;
    %pushi/vec4 2, 0, 3;
    %cmp/u;
    %jmp/1 T_14.20, 6;
    %dup/vec4;
    %pushi/vec4 3, 0, 3;
    %cmp/u;
    %jmp/1 T_14.21, 6;
    %dup/vec4;
    %pushi/vec4 4, 0, 3;
    %cmp/u;
    %jmp/1 T_14.22, 6;
    %dup/vec4;
    %pushi/vec4 5, 0, 3;
    %cmp/u;
    %jmp/1 T_14.23, 6;
    %load/vec4 v0x6184c78cbec0_0;
    %ix/load 3, 0, 0;
    %flag_set/imm 4, 0;
    %ix/load 4, 0, 0; Constant delay
    %assign/vec4/a/d v0x6184c78cba50, 0, 4;
    %load/vec4 v0x6184c78cbfa0_0;
    %ix/load 3, 1, 0;
    %flag_set/imm 4, 0;
    %ix/load 4, 0, 0; Constant delay
    %assign/vec4/a/d v0x6184c78cba50, 0, 4;
    %load/vec4 v0x6184c78cc080_0;
    %ix/load 3, 2, 0;
    %flag_set/imm 4, 0;
    %ix/load 4, 0, 0; Constant delay
    %assign/vec4/a/d v0x6184c78cba50, 0, 4;
    %jmp T_14.25;
T_14.18 ;
    %load/vec4 v0x6184c78cbec0_0;
    %ix/load 3, 0, 0;
    %flag_set/imm 4, 0;
    %ix/load 4, 0, 0; Constant delay
    %assign/vec4/a/d v0x6184c78cba50, 0, 4;
    %load/vec4 v0x6184c78cbfa0_0;
    %ix/load 3, 1, 0;
    %flag_set/imm 4, 0;
    %ix/load 4, 0, 0; Constant delay
    %assign/vec4/a/d v0x6184c78cba50, 0, 4;
    %load/vec4 v0x6184c78cc080_0;
    %ix/load 3, 2, 0;
    %flag_set/imm 4, 0;
    %ix/load 4, 0, 0; Constant delay
    %assign/vec4/a/d v0x6184c78cba50, 0, 4;
    %jmp T_14.25;
T_14.19 ;
    %load/vec4 v0x6184c78cbec0_0;
    %ix/load 3, 0, 0;
    %flag_set/imm 4, 0;
    %ix/load 4, 0, 0; Constant delay
    %assign/vec4/a/d v0x6184c78cba50, 0, 4;
    %load/vec4 v0x6184c78cc080_0;
    %ix/load 3, 1, 0;
    %flag_set/imm 4, 0;
    %ix/load 4, 0, 0; Constant delay
    %assign/vec4/a/d v0x6184c78cba50, 0, 4;
    %load/vec4 v0x6184c78cbfa0_0;
    %ix/load 3, 2, 0;
    %flag_set/imm 4, 0;
    %ix/load 4, 0, 0; Constant delay
    %assign/vec4/a/d v0x6184c78cba50, 0, 4;
    %jmp T_14.25;
T_14.20 ;
    %load/vec4 v0x6184c78cbfa0_0;
    %ix/load 3, 0, 0;
    %flag_set/imm 4, 0;
    %ix/load 4, 0, 0; Constant delay
    %assign/vec4/a/d v0x6184c78cba50, 0, 4;
    %load/vec4 v0x6184c78cbec0_0;
    %ix/load 3, 1, 0;
    %flag_set/imm 4, 0;
    %ix/load 4, 0, 0; Constant delay
    %assign/vec4/a/d v0x6184c78cba50, 0, 4;
    %load/vec4 v0x6184c78cc080_0;
    %ix/load 3, 2, 0;
    %flag_set/imm 4, 0;
    %ix/load 4, 0, 0; Constant delay
    %assign/vec4/a/d v0x6184c78cba50, 0, 4;
    %jmp T_14.25;
T_14.21 ;
    %load/vec4 v0x6184c78cbfa0_0;
    %ix/load 3, 0, 0;
    %flag_set/imm 4, 0;
    %ix/load 4, 0, 0; Constant delay
    %assign/vec4/a/d v0x6184c78cba50, 0, 4;
    %load/vec4 v0x6184c78cc080_0;
    %ix/load 3, 1, 0;
    %flag_set/imm 4, 0;
    %ix/load 4, 0, 0; Constant delay
    %assign/vec4/a/d v0x6184c78cba50, 0, 4;
    %load/vec4 v0x6184c78cbec0_0;
    %ix/load 3, 2, 0;
    %flag_set/imm 4, 0;
    %ix/load 4, 0, 0; Constant delay
    %assign/vec4/a/d v0x6184c78cba50, 0, 4;
    %jmp T_14.25;
T_14.22 ;
    %load/vec4 v0x6184c78cc080_0;
    %ix/load 3, 0, 0;
    %flag_set/imm 4, 0;
    %ix/load 4, 0, 0; Constant delay
    %assign/vec4/a/d v0x6184c78cba50, 0, 4;
    %load/vec4 v0x6184c78cbec0_0;
    %ix/load 3, 1, 0;
    %flag_set/imm 4, 0;
    %ix/load 4, 0, 0; Constant delay
    %assign/vec4/a/d v0x6184c78cba50, 0, 4;
    %load/vec4 v0x6184c78cbfa0_0;
    %ix/load 3, 2, 0;
    %flag_set/imm 4, 0;
    %ix/load 4, 0, 0; Constant delay
    %assign/vec4/a/d v0x6184c78cba50, 0, 4;
    %jmp T_14.25;
T_14.23 ;
    %load/vec4 v0x6184c78cc080_0;
    %ix/load 3, 0, 0;
    %flag_set/imm 4, 0;
    %ix/load 4, 0, 0; Constant delay
    %assign/vec4/a/d v0x6184c78cba50, 0, 4;
    %load/vec4 v0x6184c78cbfa0_0;
    %ix/load 3, 1, 0;
    %flag_set/imm 4, 0;
    %ix/load 4, 0, 0; Constant delay
    %assign/vec4/a/d v0x6184c78cba50, 0, 4;
    %load/vec4 v0x6184c78cbec0_0;
    %ix/load 3, 2, 0;
    %flag_set/imm 4, 0;
    %ix/load 4, 0, 0; Constant delay
    %assign/vec4/a/d v0x6184c78cba50, 0, 4;
    %jmp T_14.25;
T_14.25 ;
    %pop/vec4 1;
T_14.16 ;
    %load/vec4 v0x6184c78cb600_0;
    %parti/s 1, 1, 2;
    %flag_set/vec4 9;
    %flag_get/vec4 9;
    %jmp/0 T_14.28, 9;
    %pushi/vec4 0, 0, 32;
    %load/vec4 v0x6184c78cb780_0;
    %pad/u 32;
    %cmp/u;
    %flag_get/vec4 5;
    %and;
T_14.28;
    %flag_set/vec4 8;
    %jmp/0xz  T_14.26, 8;
    %load/vec4 v0x6184c78cb780_0;
    %subi 1, 0, 2;
    %assign/vec4 v0x6184c78cb780_0, 0;
T_14.26 ;
    %load/vec4 v0x6184c78cb600_0;
    %parti/s 1, 3, 3;
    %flag_set/vec4 9;
    %flag_get/vec4 9;
    %jmp/0 T_14.31, 9;
    %load/vec4 v0x6184c78cb780_0;
    %pad/u 32;
    %cmpi/u 2, 0, 32;
    %flag_get/vec4 5;
    %and;
T_14.31;
    %flag_set/vec4 8;
    %jmp/0xz  T_14.29, 8;
    %load/vec4 v0x6184c78cb780_0;
    %addi 1, 0, 2;
    %assign/vec4 v0x6184c78cb780_0, 0;
T_14.29 ;
    %load/vec4 v0x6184c78cb600_0;
    %parti/s 1, 6, 4;
    %flag_set/vec4 8;
    %jmp/0xz  T_14.32, 8;
    %load/vec4 v0x6184c78cb780_0;
    %pad/u 4;
    %ix/vec4 4;
    %load/vec4a v0x6184c78cba50, 4;
    %assign/vec4 v0x6184c78cb6c0_0, 0;
    %pushi/vec4 45, 0, 8;
    %assign/vec4 v0x6184c78cc940_0, 0;
    %pushi/vec4 1, 0, 2;
    %assign/vec4 v0x6184c78cb860_0, 0;
T_14.32 ;
    %load/vec4 v0x6184c78cb600_0;
    %parti/s 1, 7, 4;
    %flag_set/vec4 8;
    %jmp/0xz  T_14.34, 8;
    %load/vec4 v0x6184c78cc220_0;
    %pad/u 32;
    %cmpi/u 0, 0, 32;
    %flag_or 5, 4; GT is !LE
    %flag_inv 5;
    %jmp/0xz  T_14.36, 5;
    %pushi/vec4 1, 0, 1;
    %assign/vec4 v0x6184c78cc4a0_0, 0;
    %load/vec4 v0x6184c78cc220_0;
    %assign/vec4 v0x6184c78cc300_0, 0;
T_14.36 ;
    %pushi/vec4 1, 0, 1;
    %assign/vec4 v0x6184c78cc160_0, 0;
T_14.34 ;
    %jmp T_14.15;
T_14.11 ;
    %load/vec4 v0x6184c78cc940_0;
    %pad/u 32;
    %cmpi/e 0, 0, 32;
    %jmp/0xz  T_14.38, 4;
    %pushi/vec4 60, 0, 8;
    %assign/vec4 v0x6184c78cc940_0, 0;
    %pushi/vec4 2, 0, 2;
    %assign/vec4 v0x6184c78cb860_0, 0;
T_14.38 ;
    %jmp T_14.15;
T_14.12 ;
    %load/vec4 v0x6184c78cc940_0;
    %pad/u 32;
    %cmpi/e 0, 0, 32;
    %jmp/0xz  T_14.40, 4;
    %load/vec4 v0x6184c78cb6c0_0;
    %dup/vec4;
    %pushi/vec4 3, 0, 3;
    %cmp/u;
    %jmp/1 T_14.42, 6;
    %dup/vec4;
    %pushi/vec4 4, 0, 3;
    %cmp/u;
    %jmp/1 T_14.43, 6;
    %dup/vec4;
    %pushi/vec4 2, 0, 3;
    %cmp/u;
    %jmp/1 T_14.44, 6;
    %dup/vec4;
    %pushi/vec4 0, 0, 3;
    %cmp/u;
    %jmp/1 T_14.45, 6;
    %dup/vec4;
    %pushi/vec4 1, 0, 3;
    %cmp/u;
    %jmp/1 T_14.46, 6;
    %jmp T_14.48;
T_14.42 ;
    %pushi/vec4 0, 0, 10;
    %assign/vec4 v0x6184c78cc220_0, 0;
    %pushi/vec4 1, 0, 1;
    %assign/vec4 v0x6184c78cc160_0, 0;
    %jmp T_14.48;
T_14.43 ;
    %pushi/vec4 0, 0, 10;
    %assign/vec4 v0x6184c78cc220_0, 0;
    %pushi/vec4 1, 0, 1;
    %assign/vec4 v0x6184c78cc540_0, 0;
    %pushi/vec4 1, 0, 1;
    %assign/vec4 v0x6184c78cc160_0, 0;
    %jmp T_14.48;
T_14.44 ;
    %load/vec4 v0x6184c78cc220_0;
    %pad/u 11;
    %pushi/vec4 0, 0, 2;
    %load/vec4 v0x6184c78cc600_0;
    %concat/vec4; draw_concat_vec4
    %pad/u 11;
    %add;
    %cmpi/u 999, 0, 11;
    %flag_or 5, 4; GT is !LE
    %flag_inv 5;
    %flag_mov 8, 5;
    %jmp/0 T_14.49, 8;
    %pushi/vec4 999, 0, 10;
    %jmp/1 T_14.50, 8;
T_14.49 ; End of true expr.
    %load/vec4 v0x6184c78cc220_0;
    %pushi/vec4 0, 0, 2;
    %load/vec4 v0x6184c78cc600_0;
    %concat/vec4; draw_concat_vec4
    %add;
    %jmp/0 T_14.50, 8;
 ; End of false expr.
    %blend;
T_14.50;
    %assign/vec4 v0x6184c78cc300_0, 0;
    %pushi/vec4 1, 0, 1;
    %assign/vec4 v0x6184c78cc4a0_0, 0;
    %pushi/vec4 1, 0, 1;
    %assign/vec4 v0x6184c78cc540_0, 0;
    %pushi/vec4 1, 0, 1;
    %assign/vec4 v0x6184c78cc160_0, 0;
    %jmp T_14.48;
T_14.45 ;
    %load/vec4 v0x6184c78cc220_0;
    %pad/u 11;
    %pushi/vec4 0, 0, 2;
    %load/vec4 v0x6184c78cc600_0;
    %concat/vec4; draw_concat_vec4
    %pad/u 11;
    %add;
    %cmpi/u 999, 0, 11;
    %flag_or 5, 4; GT is !LE
    %flag_inv 5;
    %flag_mov 8, 5;
    %jmp/0 T_14.51, 8;
    %pushi/vec4 999, 0, 10;
    %jmp/1 T_14.52, 8;
T_14.51 ; End of true expr.
    %load/vec4 v0x6184c78cc220_0;
    %pushi/vec4 0, 0, 2;
    %load/vec4 v0x6184c78cc600_0;
    %concat/vec4; draw_concat_vec4
    %add;
    %jmp/0 T_14.52, 8;
 ; End of false expr.
    %blend;
T_14.52;
    %assign/vec4 v0x6184c78cc220_0, 0;
    %load/vec4 v0x6184c78cc6e0_0;
    %cmpi/e 15, 0, 4;
    %flag_mov 8, 4;
    %jmp/0 T_14.53, 8;
    %pushi/vec4 15, 0, 4;
    %jmp/1 T_14.54, 8;
T_14.53 ; End of true expr.
    %load/vec4 v0x6184c78cc6e0_0;
    %addi 1, 0, 4;
    %jmp/0 T_14.54, 8;
 ; End of false expr.
    %blend;
T_14.54;
    %assign/vec4 v0x6184c78cc6e0_0, 0;
    %pushi/vec4 3, 0, 2;
    %assign/vec4 v0x6184c78cb860_0, 0;
    %jmp T_14.48;
T_14.46 ;
    %load/vec4 v0x6184c78cc220_0;
    %pad/u 11;
    %ix/load 4, 1, 0;
    %flag_set/imm 4, 0;
    %shiftl 4;
    %cmpi/u 999, 0, 11;
    %flag_or 5, 4; GT is !LE
    %flag_inv 5;
    %flag_mov 8, 5;
    %jmp/0 T_14.55, 8;
    %pushi/vec4 999, 0, 10;
    %jmp/1 T_14.56, 8;
T_14.55 ; End of true expr.
    %load/vec4 v0x6184c78cc220_0;
    %ix/load 4, 1, 0;
    %flag_set/imm 4, 0;
    %shiftl 4;
    %jmp/0 T_14.56, 8;
 ; End of false expr.
    %blend;
T_14.56;
    %assign/vec4 v0x6184c78cc220_0, 0;
    %load/vec4 v0x6184c78cc6e0_0;
    %cmpi/e 15, 0, 4;
    %flag_mov 8, 4;
    %jmp/0 T_14.57, 8;
    %pushi/vec4 15, 0, 4;
    %jmp/1 T_14.58, 8;
T_14.57 ; End of true expr.
    %load/vec4 v0x6184c78cc6e0_0;
    %addi 1, 0, 4;
    %jmp/0 T_14.58, 8;
 ; End of false expr.
    %blend;
T_14.58;
    %assign/vec4 v0x6184c78cc6e0_0, 0;
    %pushi/vec4 3, 0, 2;
    %assign/vec4 v0x6184c78cb860_0, 0;
    %jmp T_14.48;
T_14.48 ;
    %pop/vec4 1;
T_14.40 ;
    %jmp T_14.15;
T_14.13 ;
    %load/vec4 v0x6184c78cb600_0;
    %parti/s 1, 6, 4;
    %flag_set/vec4 8;
    %jmp/0xz  T_14.59, 8;
    %pushi/vec4 0, 0, 1;
    %assign/vec4 v0x6184c78cbb70_0, 0;
    %pushi/vec4 0, 0, 2;
    %assign/vec4 v0x6184c78cb860_0, 0;
    %jmp T_14.60;
T_14.59 ;
    %load/vec4 v0x6184c78cb600_0;
    %parti/s 1, 7, 4;
    %flag_set/vec4 8;
    %jmp/0xz  T_14.61, 8;
    %load/vec4 v0x6184c78cc220_0;
    %pad/u 32;
    %cmpi/u 0, 0, 32;
    %flag_or 5, 4; GT is !LE
    %flag_inv 5;
    %jmp/0xz  T_14.63, 5;
    %pushi/vec4 1, 0, 1;
    %assign/vec4 v0x6184c78cc4a0_0, 0;
    %load/vec4 v0x6184c78cc220_0;
    %assign/vec4 v0x6184c78cc300_0, 0;
T_14.63 ;
    %pushi/vec4 1, 0, 1;
    %assign/vec4 v0x6184c78cc160_0, 0;
T_14.61 ;
T_14.60 ;
    %jmp T_14.15;
T_14.15 ;
    %pop/vec4 1;
    %jmp T_14.9;
T_14.8 ;
    %pushi/vec4 0, 0, 2;
    %assign/vec4 v0x6184c78cb860_0, 0;
    %pushi/vec4 0, 0, 1;
    %assign/vec4 v0x6184c78cbb70_0, 0;
    %pushi/vec4 0, 0, 10;
    %assign/vec4 v0x6184c78cc220_0, 0;
    %pushi/vec4 0, 0, 4;
    %assign/vec4 v0x6184c78cc6e0_0, 0;
T_14.9 ;
T_14.4 ;
T_14.1 ;
    %jmp T_14;
    .thread T_14;
    .scope S_0x6184c78e9100;
T_15 ;
    %wait E_0x6184c78d2b70;
    %load/vec4 v0x6184c78eb0c0_0;
    %dup/vec4;
    %pushi/vec4 0, 0, 3;
    %cmp/u;
    %jmp/1 T_15.0, 6;
    %dup/vec4;
    %pushi/vec4 1, 0, 3;
    %cmp/u;
    %jmp/1 T_15.1, 6;
    %dup/vec4;
    %pushi/vec4 2, 0, 3;
    %cmp/u;
    %jmp/1 T_15.2, 6;
    %dup/vec4;
    %pushi/vec4 3, 0, 3;
    %cmp/u;
    %jmp/1 T_15.3, 6;
    %dup/vec4;
    %pushi/vec4 4, 0, 3;
    %cmp/u;
    %jmp/1 T_15.4, 6;
    %dup/vec4;
    %pushi/vec4 5, 0, 3;
    %cmp/u;
    %jmp/1 T_15.5, 6;
    %dup/vec4;
    %pushi/vec4 6, 0, 3;
    %cmp/u;
    %jmp/1 T_15.6, 6;
    %dup/vec4;
    %pushi/vec4 7, 0, 3;
    %cmp/u;
    %jmp/1 T_15.7, 6;
    %pushi/vec4 999, 0, 10;
    %store/vec4 v0x6184c78eacf0_0, 0, 10;
    %jmp T_15.9;
T_15.0 ;
    %pushi/vec4 40, 0, 10;
    %store/vec4 v0x6184c78eacf0_0, 0, 10;
    %jmp T_15.9;
T_15.1 ;
    %pushi/vec4 90, 0, 10;
    %store/vec4 v0x6184c78eacf0_0, 0, 10;
    %jmp T_15.9;
T_15.2 ;
    %pushi/vec4 220, 0, 10;
    %store/vec4 v0x6184c78eacf0_0, 0, 10;
    %jmp T_15.9;
T_15.3 ;
    %pushi/vec4 180, 0, 10;
    %store/vec4 v0x6184c78eacf0_0, 0, 10;
    %jmp T_15.9;
T_15.4 ;
    %pushi/vec4 250, 0, 10;
    %store/vec4 v0x6184c78eacf0_0, 0, 10;
    %jmp T_15.9;
T_15.5 ;
    %pushi/vec4 340, 0, 10;
    %store/vec4 v0x6184c78eacf0_0, 0, 10;
    %jmp T_15.9;
T_15.6 ;
    %pushi/vec4 400, 0, 10;
    %store/vec4 v0x6184c78eacf0_0, 0, 10;
    %jmp T_15.9;
T_15.7 ;
    %pushi/vec4 999, 0, 10;
    %store/vec4 v0x6184c78eacf0_0, 0, 10;
    %jmp T_15.9;
T_15.9 ;
    %pop/vec4 1;
    %jmp T_15;
    .thread T_15, $push;
    .scope S_0x6184c78e9100;
T_16 ;
    %wait E_0x6184c76b9ca0;
    %load/vec4 v0x6184c78eba60_0;
    %nor/r;
    %flag_set/vec4 8;
    %jmp/1 T_16.2, 8;
    %load/vec4 v0x6184c78eb970_0;
    %flag_set/vec4 9;
    %flag_or 8, 9;
T_16.2;
    %jmp/0xz  T_16.0, 8;
    %pushi/vec4 5, 0, 3;
    %assign/vec4 v0x6184c78eafb0_0, 0;
    %pushi/vec4 2, 0, 3;
    %assign/vec4 v0x6184c78ebba0_0, 0;
    %pushi/vec4 0, 0, 10;
    %assign/vec4 v0x6184c78ea950_0, 0;
    %pushi/vec4 0, 0, 3;
    %assign/vec4 v0x6184c78eb0c0_0, 0;
    %pushi/vec4 0, 0, 1;
    %assign/vec4 v0x6184c78eae70_0, 0;
    %pushi/vec4 0, 0, 1;
    %assign/vec4 v0x6184c78ebc40_0, 0;
    %pushi/vec4 0, 0, 1;
    %assign/vec4 v0x6184c78eb220_0, 0;
    %pushi/vec4 0, 0, 7;
    %assign/vec4 v0x6184c78eb310_0, 0;
    %jmp T_16.1;
T_16.0 ;
    %load/vec4 v0x6184c78eadd0_0;
    %flag_set/vec4 10;
    %flag_get/vec4 10;
    %jmp/0 T_16.6, 10;
    %load/vec4 v0x6184c78eae70_0;
    %nor/r;
    %and;
T_16.6;
    %flag_set/vec4 9;
    %flag_get/vec4 9;
    %jmp/0 T_16.5, 9;
    %load/vec4 v0x6184c78ebc40_0;
    %nor/r;
    %and;
T_16.5;
    %flag_set/vec4 8;
    %jmp/0xz  T_16.3, 8;
    %load/vec4 v0x6184c78eb310_0;
    %pad/u 32;
    %cmpi/ne 0, 0, 32;
    %jmp/0xz  T_16.7, 4;
    %load/vec4 v0x6184c78eb310_0;
    %subi 1, 0, 7;
    %assign/vec4 v0x6184c78eb310_0, 0;
    %load/vec4 v0x6184c78eb310_0;
    %cmpi/e 1, 0, 7;
    %jmp/0xz  T_16.9, 4;
    %pushi/vec4 0, 0, 1;
    %assign/vec4 v0x6184c78eb220_0, 0;
T_16.9 ;
T_16.7 ;
    %load/vec4 v0x6184c78eaf10_0;
    %flag_set/vec4 8;
    %jmp/0xz  T_16.11, 8;
    %pushi/vec4 5, 0, 3;
    %assign/vec4 v0x6184c78eafb0_0, 0;
    %jmp T_16.12;
T_16.11 ;
    %load/vec4 v0x6184c78eb180_0;
    %flag_set/vec4 8;
    %jmp/0xz  T_16.13, 8;
    %load/vec4 v0x6184c78eafb0_0;
    %cmpi/u 1, 0, 3;
    %flag_or 5, 4;
    %jmp/0xz  T_16.15, 5;
    %pushi/vec4 0, 0, 3;
    %assign/vec4 v0x6184c78eafb0_0, 0;
    %pushi/vec4 1, 0, 1;
    %assign/vec4 v0x6184c78eae70_0, 0;
    %jmp T_16.16;
T_16.15 ;
    %load/vec4 v0x6184c78eafb0_0;
    %subi 1, 0, 3;
    %assign/vec4 v0x6184c78eafb0_0, 0;
T_16.16 ;
    %jmp T_16.14;
T_16.13 ;
    %load/vec4 v0x6184c78eb560_0;
    %flag_set/vec4 8;
    %jmp/0xz  T_16.17, 8;
    %load/vec4 v0x6184c78eafb0_0;
    %cmpi/ne 5, 0, 3;
    %jmp/0xz  T_16.19, 4;
    %load/vec4 v0x6184c78eafb0_0;
    %addi 1, 0, 3;
    %assign/vec4 v0x6184c78eafb0_0, 0;
    %jmp T_16.20;
T_16.19 ;
    %pushi/vec4 1, 0, 1;
    %assign/vec4 v0x6184c78eb220_0, 0;
    %pushi/vec4 120, 0, 7;
    %assign/vec4 v0x6184c78eb310_0, 0;
T_16.20 ;
T_16.17 ;
T_16.14 ;
T_16.12 ;
    %load/vec4 v0x6184c78eb8a0_0;
    %flag_set/vec4 8;
    %jmp/0xz  T_16.21, 8;
    %load/vec4 v0x6184c78ebba0_0;
    %cmpi/ne 4, 0, 3;
    %jmp/0xz  T_16.23, 4;
    %load/vec4 v0x6184c78ebba0_0;
    %addi 1, 0, 3;
    %assign/vec4 v0x6184c78ebba0_0, 0;
    %jmp T_16.24;
T_16.23 ;
    %pushi/vec4 1, 0, 1;
    %assign/vec4 v0x6184c78eb220_0, 0;
    %pushi/vec4 120, 0, 7;
    %assign/vec4 v0x6184c78eb310_0, 0;
T_16.24 ;
    %jmp T_16.22;
T_16.21 ;
    %load/vec4 v0x6184c78eb7d0_0;
    %flag_set/vec4 9;
    %flag_get/vec4 9;
    %jmp/0 T_16.27, 9;
    %load/vec4 v0x6184c78ebba0_0;
    %pushi/vec4 0, 0, 3;
    %cmp/ne;
    %flag_get/vec4 4;
    %and;
T_16.27;
    %flag_set/vec4 8;
    %jmp/0xz  T_16.25, 8;
    %load/vec4 v0x6184c78ebba0_0;
    %subi 1, 0, 3;
    %assign/vec4 v0x6184c78ebba0_0, 0;
T_16.25 ;
T_16.22 ;
    %load/vec4 v0x6184c78eab90_0;
    %flag_set/vec4 8;
    %jmp/0xz  T_16.28, 8;
    %load/vec4 v0x6184c78ea950_0;
    %load/vec4 v0x6184c78eacf0_0;
    %sub;
    %assign/vec4 v0x6184c78ea950_0, 0;
    %jmp T_16.29;
T_16.28 ;
    %load/vec4 v0x6184c78eb3f0_0;
    %flag_set/vec4 8;
    %jmp/0xz  T_16.30, 8;
    %load/vec4 v0x6184c78eaad0_0;
    %cmpi/u 999, 0, 11;
    %flag_inv 5; GE is !LT
    %jmp/0xz  T_16.32, 5;
    %pushi/vec4 999, 0, 10;
    %assign/vec4 v0x6184c78ea950_0, 0;
    %pushi/vec4 1, 0, 1;
    %assign/vec4 v0x6184c78eb220_0, 0;
    %pushi/vec4 120, 0, 7;
    %assign/vec4 v0x6184c78eb310_0, 0;
    %jmp T_16.33;
T_16.32 ;
    %load/vec4 v0x6184c78eaad0_0;
    %parti/s 10, 0, 2;
    %assign/vec4 v0x6184c78ea950_0, 0;
T_16.33 ;
T_16.30 ;
T_16.29 ;
    %load/vec4 v0x6184c78eab90_0;
    %flag_set/vec4 8;
    %jmp/0xz  T_16.34, 8;
    %load/vec4 v0x6184c78eb0c0_0;
    %cmpi/e 7, 0, 3;
    %jmp/0xz  T_16.36, 4;
    %pushi/vec4 1, 0, 1;
    %assign/vec4 v0x6184c78ebc40_0, 0;
    %jmp T_16.37;
T_16.36 ;
    %load/vec4 v0x6184c78eb0c0_0;
    %addi 1, 0, 3;
    %assign/vec4 v0x6184c78eb0c0_0, 0;
T_16.37 ;
T_16.34 ;
T_16.3 ;
T_16.1 ;
    %jmp T_16;
    .thread T_16;
    .scope S_0x6184c7798e50;
T_17 ;
    %wait E_0x6184c76b9ca0;
    %load/vec4 v0x6184c76b99d0_0;
    %nor/r;
    %flag_set/vec4 8;
    %jmp/0xz  T_17.0, 8;
    %pushi/vec4 0, 0, 6;
    %assign/vec4 v0x6184c78c36e0_0, 0;
    %pushi/vec4 0, 0, 2;
    %assign/vec4 v0x6184c76697d0_0, 0;
    %pushi/vec4 0, 0, 3;
    %assign/vec4 v0x6184c76698b0_0, 0;
    %pushi/vec4 0, 0, 2;
    %assign/vec4 v0x6184c7669500_0, 0;
    %pushi/vec4 0, 0, 1;
    %assign/vec4 v0x6184c76b9770_0, 0;
    %pushi/vec4 0, 0, 1;
    %assign/vec4 v0x6184c76b9620_0, 0;
    %jmp T_17.1;
T_17.0 ;
    %load/vec4 v0x6184c76b9830_0;
    %flag_set/vec4 8;
    %jmp/0xz  T_17.2, 8;
    %load/vec4 v0x6184c78c36e0_0;
    %addi 1, 0, 6;
    %assign/vec4 v0x6184c78c36e0_0, 0;
    %load/vec4 v0x6184c78c36e0_0;
    %parti/s 1, 3, 3;
    %assign/vec4 v0x6184c76b9620_0, 0;
T_17.2 ;
T_17.1 ;
    %jmp T_17;
    .thread T_17;
    .scope S_0x6184c78ce7f0;
T_18 ;
    %wait E_0x6184c76b9ca0;
    %load/vec4 v0x6184c78d0630_0;
    %pad/u 33;
    %cmpi/u 656, 0, 33;
    %flag_inv 5; GE is !LT
    %flag_get/vec4 5;
    %jmp/0 T_18.0, 5;
    %load/vec4 v0x6184c78d0630_0;
    %pad/u 35;
    %cmpi/u 751, 0, 35;
    %flag_get/vec4 4;
    %flag_get/vec4 5;
    %or;
    %and;
T_18.0;
    %inv;
    %assign/vec4 v0x6184c78d0710_0, 0;
    %load/vec4 v0x6184c78d0570_0;
    %flag_set/vec4 8;
    %jmp/0xz  T_18.1, 8;
    %pushi/vec4 0, 0, 10;
    %assign/vec4 v0x6184c78d0630_0, 0;
    %jmp T_18.2;
T_18.1 ;
    %load/vec4 v0x6184c78d0630_0;
    %addi 1, 0, 10;
    %assign/vec4 v0x6184c78d0630_0, 0;
T_18.2 ;
    %jmp T_18;
    .thread T_18;
    .scope S_0x6184c78ce7f0;
T_19 ;
    %wait E_0x6184c76b9ca0;
    %load/vec4 v0x6184c78d0950_0;
    %pad/u 33;
    %cmpi/u 490, 0, 33;
    %flag_inv 5; GE is !LT
    %flag_get/vec4 5;
    %jmp/0 T_19.0, 5;
    %load/vec4 v0x6184c78d0950_0;
    %pad/u 35;
    %cmpi/u 491, 0, 35;
    %flag_get/vec4 4;
    %flag_get/vec4 5;
    %or;
    %and;
T_19.0;
    %inv;
    %assign/vec4 v0x6184c78d0a30_0, 0;
    %load/vec4 v0x6184c78d0570_0;
    %flag_set/vec4 8;
    %jmp/0xz  T_19.1, 8;
    %load/vec4 v0x6184c78d0890_0;
    %flag_set/vec4 8;
    %jmp/0xz  T_19.3, 8;
    %pushi/vec4 0, 0, 10;
    %assign/vec4 v0x6184c78d0950_0, 0;
    %jmp T_19.4;
T_19.3 ;
    %load/vec4 v0x6184c78d0950_0;
    %addi 1, 0, 10;
    %assign/vec4 v0x6184c78d0950_0, 0;
T_19.4 ;
T_19.1 ;
    %jmp T_19;
    .thread T_19;
    .scope S_0x6184c78d8e90;
T_20 ;
    %wait E_0x6184c78d9100;
    %load/vec4 v0x6184c78d9280_0;
    %dup/vec4;
    %pushi/vec4 0, 0, 3;
    %cmp/u;
    %jmp/1 T_20.0, 6;
    %dup/vec4;
    %pushi/vec4 6, 0, 3;
    %cmp/u;
    %jmp/1 T_20.1, 6;
    %dup/vec4;
    %pushi/vec4 1, 0, 3;
    %cmp/u;
    %jmp/1 T_20.2, 6;
    %dup/vec4;
    %pushi/vec4 2, 0, 3;
    %cmp/u;
    %jmp/1 T_20.3, 6;
    %dup/vec4;
    %pushi/vec4 3, 0, 3;
    %cmp/u;
    %jmp/1 T_20.4, 6;
    %dup/vec4;
    %pushi/vec4 4, 0, 3;
    %cmp/u;
    %jmp/1 T_20.5, 6;
    %dup/vec4;
    %pushi/vec4 5, 0, 3;
    %cmp/u;
    %jmp/1 T_20.6, 6;
    %load/vec4 v0x6184c78d9360_0;
    %dup/vec4;
    %pushi/vec4 0, 0, 3;
    %cmp/u;
    %jmp/1 T_20.9, 6;
    %dup/vec4;
    %pushi/vec4 1, 0, 3;
    %cmp/u;
    %jmp/1 T_20.10, 6;
    %dup/vec4;
    %pushi/vec4 2, 0, 3;
    %cmp/u;
    %jmp/1 T_20.11, 6;
    %dup/vec4;
    %pushi/vec4 3, 0, 3;
    %cmp/u;
    %jmp/1 T_20.12, 6;
    %dup/vec4;
    %pushi/vec4 4, 0, 3;
    %cmp/u;
    %jmp/1 T_20.13, 6;
    %dup/vec4;
    %pushi/vec4 5, 0, 3;
    %cmp/u;
    %jmp/1 T_20.14, 6;
    %dup/vec4;
    %pushi/vec4 6, 0, 3;
    %cmp/u;
    %jmp/1 T_20.15, 6;
    %dup/vec4;
    %pushi/vec4 7, 0, 3;
    %cmp/u;
    %jmp/1 T_20.16, 6;
    %jmp T_20.17;
T_20.9 ;
    %pushi/vec4 45, 0, 6;
    %store/vec4 v0x6184c78d9180_0, 0, 6;
    %jmp T_20.17;
T_20.10 ;
    %pushi/vec4 45, 0, 6;
    %store/vec4 v0x6184c78d9180_0, 0, 6;
    %jmp T_20.17;
T_20.11 ;
    %pushi/vec4 45, 0, 6;
    %store/vec4 v0x6184c78d9180_0, 0, 6;
    %jmp T_20.17;
T_20.12 ;
    %pushi/vec4 45, 0, 6;
    %store/vec4 v0x6184c78d9180_0, 0, 6;
    %jmp T_20.17;
T_20.13 ;
    %pushi/vec4 45, 0, 6;
    %store/vec4 v0x6184c78d9180_0, 0, 6;
    %jmp T_20.17;
T_20.14 ;
    %pushi/vec4 45, 0, 6;
    %store/vec4 v0x6184c78d9180_0, 0, 6;
    %jmp T_20.17;
T_20.15 ;
    %pushi/vec4 45, 0, 6;
    %store/vec4 v0x6184c78d9180_0, 0, 6;
    %jmp T_20.17;
T_20.16 ;
    %pushi/vec4 18, 0, 6;
    %store/vec4 v0x6184c78d9180_0, 0, 6;
    %jmp T_20.17;
T_20.17 ;
    %pop/vec4 1;
    %jmp T_20.8;
T_20.0 ;
    %load/vec4 v0x6184c78d9360_0;
    %dup/vec4;
    %pushi/vec4 0, 0, 3;
    %cmp/u;
    %jmp/1 T_20.18, 6;
    %dup/vec4;
    %pushi/vec4 1, 0, 3;
    %cmp/u;
    %jmp/1 T_20.19, 6;
    %dup/vec4;
    %pushi/vec4 2, 0, 3;
    %cmp/u;
    %jmp/1 T_20.20, 6;
    %dup/vec4;
    %pushi/vec4 3, 0, 3;
    %cmp/u;
    %jmp/1 T_20.21, 6;
    %dup/vec4;
    %pushi/vec4 4, 0, 3;
    %cmp/u;
    %jmp/1 T_20.22, 6;
    %dup/vec4;
    %pushi/vec4 5, 0, 3;
    %cmp/u;
    %jmp/1 T_20.23, 6;
    %dup/vec4;
    %pushi/vec4 6, 0, 3;
    %cmp/u;
    %jmp/1 T_20.24, 6;
    %dup/vec4;
    %pushi/vec4 7, 0, 3;
    %cmp/u;
    %jmp/1 T_20.25, 6;
    %jmp T_20.26;
T_20.18 ;
    %pushi/vec4 30, 0, 6;
    %store/vec4 v0x6184c78d9180_0, 0, 6;
    %jmp T_20.26;
T_20.19 ;
    %pushi/vec4 51, 0, 6;
    %store/vec4 v0x6184c78d9180_0, 0, 6;
    %jmp T_20.26;
T_20.20 ;
    %pushi/vec4 51, 0, 6;
    %store/vec4 v0x6184c78d9180_0, 0, 6;
    %jmp T_20.26;
T_20.21 ;
    %pushi/vec4 51, 0, 6;
    %store/vec4 v0x6184c78d9180_0, 0, 6;
    %jmp T_20.26;
T_20.22 ;
    %pushi/vec4 51, 0, 6;
    %store/vec4 v0x6184c78d9180_0, 0, 6;
    %jmp T_20.26;
T_20.23 ;
    %pushi/vec4 51, 0, 6;
    %store/vec4 v0x6184c78d9180_0, 0, 6;
    %jmp T_20.26;
T_20.24 ;
    %pushi/vec4 51, 0, 6;
    %store/vec4 v0x6184c78d9180_0, 0, 6;
    %jmp T_20.26;
T_20.25 ;
    %pushi/vec4 30, 0, 6;
    %store/vec4 v0x6184c78d9180_0, 0, 6;
    %jmp T_20.26;
T_20.26 ;
    %pop/vec4 1;
    %jmp T_20.8;
T_20.1 ;
    %load/vec4 v0x6184c78d9360_0;
    %dup/vec4;
    %pushi/vec4 0, 0, 3;
    %cmp/u;
    %jmp/1 T_20.27, 6;
    %dup/vec4;
    %pushi/vec4 1, 0, 3;
    %cmp/u;
    %jmp/1 T_20.28, 6;
    %dup/vec4;
    %pushi/vec4 2, 0, 3;
    %cmp/u;
    %jmp/1 T_20.29, 6;
    %dup/vec4;
    %pushi/vec4 3, 0, 3;
    %cmp/u;
    %jmp/1 T_20.30, 6;
    %dup/vec4;
    %pushi/vec4 4, 0, 3;
    %cmp/u;
    %jmp/1 T_20.31, 6;
    %dup/vec4;
    %pushi/vec4 5, 0, 3;
    %cmp/u;
    %jmp/1 T_20.32, 6;
    %dup/vec4;
    %pushi/vec4 6, 0, 3;
    %cmp/u;
    %jmp/1 T_20.33, 6;
    %dup/vec4;
    %pushi/vec4 7, 0, 3;
    %cmp/u;
    %jmp/1 T_20.34, 6;
    %jmp T_20.35;
T_20.27 ;
    %pushi/vec4 30, 0, 6;
    %store/vec4 v0x6184c78d9180_0, 0, 6;
    %jmp T_20.35;
T_20.28 ;
    %pushi/vec4 51, 0, 6;
    %store/vec4 v0x6184c78d9180_0, 0, 6;
    %jmp T_20.35;
T_20.29 ;
    %pushi/vec4 51, 0, 6;
    %store/vec4 v0x6184c78d9180_0, 0, 6;
    %jmp T_20.35;
T_20.30 ;
    %pushi/vec4 51, 0, 6;
    %store/vec4 v0x6184c78d9180_0, 0, 6;
    %jmp T_20.35;
T_20.31 ;
    %pushi/vec4 51, 0, 6;
    %store/vec4 v0x6184c78d9180_0, 0, 6;
    %jmp T_20.35;
T_20.32 ;
    %pushi/vec4 51, 0, 6;
    %store/vec4 v0x6184c78d9180_0, 0, 6;
    %jmp T_20.35;
T_20.33 ;
    %pushi/vec4 51, 0, 6;
    %store/vec4 v0x6184c78d9180_0, 0, 6;
    %jmp T_20.35;
T_20.34 ;
    %pushi/vec4 30, 0, 6;
    %store/vec4 v0x6184c78d9180_0, 0, 6;
    %jmp T_20.35;
T_20.35 ;
    %pop/vec4 1;
    %jmp T_20.8;
T_20.2 ;
    %load/vec4 v0x6184c78d9360_0;
    %dup/vec4;
    %pushi/vec4 0, 0, 3;
    %cmp/u;
    %jmp/1 T_20.36, 6;
    %dup/vec4;
    %pushi/vec4 1, 0, 3;
    %cmp/u;
    %jmp/1 T_20.37, 6;
    %dup/vec4;
    %pushi/vec4 2, 0, 3;
    %cmp/u;
    %jmp/1 T_20.38, 6;
    %dup/vec4;
    %pushi/vec4 3, 0, 3;
    %cmp/u;
    %jmp/1 T_20.39, 6;
    %dup/vec4;
    %pushi/vec4 4, 0, 3;
    %cmp/u;
    %jmp/1 T_20.40, 6;
    %dup/vec4;
    %pushi/vec4 5, 0, 3;
    %cmp/u;
    %jmp/1 T_20.41, 6;
    %dup/vec4;
    %pushi/vec4 6, 0, 3;
    %cmp/u;
    %jmp/1 T_20.42, 6;
    %dup/vec4;
    %pushi/vec4 7, 0, 3;
    %cmp/u;
    %jmp/1 T_20.43, 6;
    %jmp T_20.44;
T_20.36 ;
    %pushi/vec4 51, 0, 6;
    %store/vec4 v0x6184c78d9180_0, 0, 6;
    %jmp T_20.44;
T_20.37 ;
    %pushi/vec4 51, 0, 6;
    %store/vec4 v0x6184c78d9180_0, 0, 6;
    %jmp T_20.44;
T_20.38 ;
    %pushi/vec4 51, 0, 6;
    %store/vec4 v0x6184c78d9180_0, 0, 6;
    %jmp T_20.44;
T_20.39 ;
    %pushi/vec4 51, 0, 6;
    %store/vec4 v0x6184c78d9180_0, 0, 6;
    %jmp T_20.44;
T_20.40 ;
    %pushi/vec4 51, 0, 6;
    %store/vec4 v0x6184c78d9180_0, 0, 6;
    %jmp T_20.44;
T_20.41 ;
    %pushi/vec4 30, 0, 6;
    %store/vec4 v0x6184c78d9180_0, 0, 6;
    %jmp T_20.44;
T_20.42 ;
    %pushi/vec4 30, 0, 6;
    %store/vec4 v0x6184c78d9180_0, 0, 6;
    %jmp T_20.44;
T_20.43 ;
    %pushi/vec4 12, 0, 6;
    %store/vec4 v0x6184c78d9180_0, 0, 6;
    %jmp T_20.44;
T_20.44 ;
    %pop/vec4 1;
    %jmp T_20.8;
T_20.3 ;
    %load/vec4 v0x6184c78d9360_0;
    %dup/vec4;
    %pushi/vec4 0, 0, 3;
    %cmp/u;
    %jmp/1 T_20.45, 6;
    %dup/vec4;
    %pushi/vec4 1, 0, 3;
    %cmp/u;
    %jmp/1 T_20.46, 6;
    %dup/vec4;
    %pushi/vec4 2, 0, 3;
    %cmp/u;
    %jmp/1 T_20.47, 6;
    %dup/vec4;
    %pushi/vec4 3, 0, 3;
    %cmp/u;
    %jmp/1 T_20.48, 6;
    %dup/vec4;
    %pushi/vec4 4, 0, 3;
    %cmp/u;
    %jmp/1 T_20.49, 6;
    %dup/vec4;
    %pushi/vec4 5, 0, 3;
    %cmp/u;
    %jmp/1 T_20.50, 6;
    %dup/vec4;
    %pushi/vec4 6, 0, 3;
    %cmp/u;
    %jmp/1 T_20.51, 6;
    %dup/vec4;
    %pushi/vec4 7, 0, 3;
    %cmp/u;
    %jmp/1 T_20.52, 6;
    %jmp T_20.53;
T_20.45 ;
    %pushi/vec4 63, 0, 6;
    %store/vec4 v0x6184c78d9180_0, 0, 6;
    %jmp T_20.53;
T_20.46 ;
    %pushi/vec4 48, 0, 6;
    %store/vec4 v0x6184c78d9180_0, 0, 6;
    %jmp T_20.53;
T_20.47 ;
    %pushi/vec4 48, 0, 6;
    %store/vec4 v0x6184c78d9180_0, 0, 6;
    %jmp T_20.53;
T_20.48 ;
    %pushi/vec4 60, 0, 6;
    %store/vec4 v0x6184c78d9180_0, 0, 6;
    %jmp T_20.53;
T_20.49 ;
    %pushi/vec4 48, 0, 6;
    %store/vec4 v0x6184c78d9180_0, 0, 6;
    %jmp T_20.53;
T_20.50 ;
    %pushi/vec4 48, 0, 6;
    %store/vec4 v0x6184c78d9180_0, 0, 6;
    %jmp T_20.53;
T_20.51 ;
    %pushi/vec4 48, 0, 6;
    %store/vec4 v0x6184c78d9180_0, 0, 6;
    %jmp T_20.53;
T_20.52 ;
    %pushi/vec4 63, 0, 6;
    %store/vec4 v0x6184c78d9180_0, 0, 6;
    %jmp T_20.53;
T_20.53 ;
    %pop/vec4 1;
    %jmp T_20.8;
T_20.4 ;
    %load/vec4 v0x6184c78d9360_0;
    %dup/vec4;
    %pushi/vec4 0, 0, 3;
    %cmp/u;
    %jmp/1 T_20.54, 6;
    %dup/vec4;
    %pushi/vec4 1, 0, 3;
    %cmp/u;
    %jmp/1 T_20.55, 6;
    %dup/vec4;
    %pushi/vec4 2, 0, 3;
    %cmp/u;
    %jmp/1 T_20.56, 6;
    %dup/vec4;
    %pushi/vec4 3, 0, 3;
    %cmp/u;
    %jmp/1 T_20.57, 6;
    %dup/vec4;
    %pushi/vec4 4, 0, 3;
    %cmp/u;
    %jmp/1 T_20.58, 6;
    %dup/vec4;
    %pushi/vec4 5, 0, 3;
    %cmp/u;
    %jmp/1 T_20.59, 6;
    %dup/vec4;
    %pushi/vec4 6, 0, 3;
    %cmp/u;
    %jmp/1 T_20.60, 6;
    %dup/vec4;
    %pushi/vec4 7, 0, 3;
    %cmp/u;
    %jmp/1 T_20.61, 6;
    %jmp T_20.62;
T_20.54 ;
    %pushi/vec4 62, 0, 6;
    %store/vec4 v0x6184c78d9180_0, 0, 6;
    %jmp T_20.62;
T_20.55 ;
    %pushi/vec4 51, 0, 6;
    %store/vec4 v0x6184c78d9180_0, 0, 6;
    %jmp T_20.62;
T_20.56 ;
    %pushi/vec4 51, 0, 6;
    %store/vec4 v0x6184c78d9180_0, 0, 6;
    %jmp T_20.62;
T_20.57 ;
    %pushi/vec4 62, 0, 6;
    %store/vec4 v0x6184c78d9180_0, 0, 6;
    %jmp T_20.62;
T_20.58 ;
    %pushi/vec4 60, 0, 6;
    %store/vec4 v0x6184c78d9180_0, 0, 6;
    %jmp T_20.62;
T_20.59 ;
    %pushi/vec4 54, 0, 6;
    %store/vec4 v0x6184c78d9180_0, 0, 6;
    %jmp T_20.62;
T_20.60 ;
    %pushi/vec4 51, 0, 6;
    %store/vec4 v0x6184c78d9180_0, 0, 6;
    %jmp T_20.62;
T_20.61 ;
    %pushi/vec4 51, 0, 6;
    %store/vec4 v0x6184c78d9180_0, 0, 6;
    %jmp T_20.62;
T_20.62 ;
    %pop/vec4 1;
    %jmp T_20.8;
T_20.5 ;
    %load/vec4 v0x6184c78d9360_0;
    %dup/vec4;
    %pushi/vec4 0, 0, 3;
    %cmp/u;
    %jmp/1 T_20.63, 6;
    %dup/vec4;
    %pushi/vec4 1, 0, 3;
    %cmp/u;
    %jmp/1 T_20.64, 6;
    %dup/vec4;
    %pushi/vec4 2, 0, 3;
    %cmp/u;
    %jmp/1 T_20.65, 6;
    %dup/vec4;
    %pushi/vec4 3, 0, 3;
    %cmp/u;
    %jmp/1 T_20.66, 6;
    %dup/vec4;
    %pushi/vec4 4, 0, 3;
    %cmp/u;
    %jmp/1 T_20.67, 6;
    %dup/vec4;
    %pushi/vec4 5, 0, 3;
    %cmp/u;
    %jmp/1 T_20.68, 6;
    %dup/vec4;
    %pushi/vec4 6, 0, 3;
    %cmp/u;
    %jmp/1 T_20.69, 6;
    %dup/vec4;
    %pushi/vec4 7, 0, 3;
    %cmp/u;
    %jmp/1 T_20.70, 6;
    %jmp T_20.71;
T_20.63 ;
    %pushi/vec4 63, 0, 6;
    %store/vec4 v0x6184c78d9180_0, 0, 6;
    %jmp T_20.71;
T_20.64 ;
    %pushi/vec4 48, 0, 6;
    %store/vec4 v0x6184c78d9180_0, 0, 6;
    %jmp T_20.71;
T_20.65 ;
    %pushi/vec4 48, 0, 6;
    %store/vec4 v0x6184c78d9180_0, 0, 6;
    %jmp T_20.71;
T_20.66 ;
    %pushi/vec4 60, 0, 6;
    %store/vec4 v0x6184c78d9180_0, 0, 6;
    %jmp T_20.71;
T_20.67 ;
    %pushi/vec4 48, 0, 6;
    %store/vec4 v0x6184c78d9180_0, 0, 6;
    %jmp T_20.71;
T_20.68 ;
    %pushi/vec4 48, 0, 6;
    %store/vec4 v0x6184c78d9180_0, 0, 6;
    %jmp T_20.71;
T_20.69 ;
    %pushi/vec4 48, 0, 6;
    %store/vec4 v0x6184c78d9180_0, 0, 6;
    %jmp T_20.71;
T_20.70 ;
    %pushi/vec4 48, 0, 6;
    %store/vec4 v0x6184c78d9180_0, 0, 6;
    %jmp T_20.71;
T_20.71 ;
    %pop/vec4 1;
    %jmp T_20.8;
T_20.6 ;
    %load/vec4 v0x6184c78d9360_0;
    %dup/vec4;
    %pushi/vec4 0, 0, 3;
    %cmp/u;
    %jmp/1 T_20.72, 6;
    %dup/vec4;
    %pushi/vec4 1, 0, 3;
    %cmp/u;
    %jmp/1 T_20.73, 6;
    %dup/vec4;
    %pushi/vec4 2, 0, 3;
    %cmp/u;
    %jmp/1 T_20.74, 6;
    %dup/vec4;
    %pushi/vec4 3, 0, 3;
    %cmp/u;
    %jmp/1 T_20.75, 6;
    %dup/vec4;
    %pushi/vec4 4, 0, 3;
    %cmp/u;
    %jmp/1 T_20.76, 6;
    %dup/vec4;
    %pushi/vec4 5, 0, 3;
    %cmp/u;
    %jmp/1 T_20.77, 6;
    %dup/vec4;
    %pushi/vec4 6, 0, 3;
    %cmp/u;
    %jmp/1 T_20.78, 6;
    %dup/vec4;
    %pushi/vec4 7, 0, 3;
    %cmp/u;
    %jmp/1 T_20.79, 6;
    %jmp T_20.80;
T_20.72 ;
    %pushi/vec4 48, 0, 6;
    %store/vec4 v0x6184c78d9180_0, 0, 6;
    %jmp T_20.80;
T_20.73 ;
    %pushi/vec4 48, 0, 6;
    %store/vec4 v0x6184c78d9180_0, 0, 6;
    %jmp T_20.80;
T_20.74 ;
    %pushi/vec4 48, 0, 6;
    %store/vec4 v0x6184c78d9180_0, 0, 6;
    %jmp T_20.80;
T_20.75 ;
    %pushi/vec4 48, 0, 6;
    %store/vec4 v0x6184c78d9180_0, 0, 6;
    %jmp T_20.80;
T_20.76 ;
    %pushi/vec4 48, 0, 6;
    %store/vec4 v0x6184c78d9180_0, 0, 6;
    %jmp T_20.80;
T_20.77 ;
    %pushi/vec4 48, 0, 6;
    %store/vec4 v0x6184c78d9180_0, 0, 6;
    %jmp T_20.80;
T_20.78 ;
    %pushi/vec4 48, 0, 6;
    %store/vec4 v0x6184c78d9180_0, 0, 6;
    %jmp T_20.80;
T_20.79 ;
    %pushi/vec4 63, 0, 6;
    %store/vec4 v0x6184c78d9180_0, 0, 6;
    %jmp T_20.80;
T_20.80 ;
    %pop/vec4 1;
    %jmp T_20.8;
T_20.8 ;
    %pop/vec4 1;
    %jmp T_20;
    .thread T_20, $push;
    .scope S_0x6184c78d0c10;
T_21 ;
    %wait E_0x6184c78d1ec0;
    %load/vec4 v0x6184c78e7450_0;
    %dup/vec4;
    %pushi/vec4 1, 0, 3;
    %cmp/u;
    %jmp/1 T_21.0, 6;
    %dup/vec4;
    %pushi/vec4 2, 0, 3;
    %cmp/u;
    %jmp/1 T_21.1, 6;
    %dup/vec4;
    %pushi/vec4 3, 0, 3;
    %cmp/u;
    %jmp/1 T_21.2, 6;
    %pushi/vec4 25, 0, 6;
    %store/vec4 v0x6184c78e7780_0, 0, 6;
    %jmp T_21.4;
T_21.0 ;
    %pushi/vec4 0, 0, 6;
    %store/vec4 v0x6184c78e7780_0, 0, 6;
    %jmp T_21.4;
T_21.1 ;
    %pushi/vec4 25, 0, 6;
    %store/vec4 v0x6184c78e7780_0, 0, 6;
    %jmp T_21.4;
T_21.2 ;
    %pushi/vec4 46, 0, 6;
    %store/vec4 v0x6184c78e7780_0, 0, 6;
    %jmp T_21.4;
T_21.4 ;
    %pop/vec4 1;
    %jmp T_21;
    .thread T_21, $push;
    .scope S_0x6184c78d0c10;
T_22 ;
    %wait E_0x6184c78d1e60;
    %load/vec4 v0x6184c78e6710_0;
    %dup/vec4;
    %pushi/vec4 1, 0, 2;
    %cmp/u;
    %jmp/1 T_22.0, 6;
    %dup/vec4;
    %pushi/vec4 2, 0, 2;
    %cmp/u;
    %jmp/1 T_22.1, 6;
    %dup/vec4;
    %pushi/vec4 3, 0, 2;
    %cmp/u;
    %jmp/1 T_22.2, 6;
    %pushi/vec4 36, 0, 6;
    %store/vec4 v0x6184c78e69f0_0, 0, 6;
    %jmp T_22.4;
T_22.0 ;
    %pushi/vec4 0, 0, 6;
    %store/vec4 v0x6184c78e69f0_0, 0, 6;
    %jmp T_22.4;
T_22.1 ;
    %pushi/vec4 36, 0, 6;
    %store/vec4 v0x6184c78e69f0_0, 0, 6;
    %jmp T_22.4;
T_22.2 ;
    %pushi/vec4 56, 0, 6;
    %store/vec4 v0x6184c78e69f0_0, 0, 6;
    %jmp T_22.4;
T_22.4 ;
    %pop/vec4 1;
    %jmp T_22;
    .thread T_22, $push;
    .scope S_0x6184c78d0c10;
T_23 ;
    %wait E_0x6184c78d1e60;
    %load/vec4 v0x6184c78e6710_0;
    %dup/vec4;
    %pushi/vec4 1, 0, 2;
    %cmp/u;
    %jmp/1 T_23.0, 6;
    %dup/vec4;
    %pushi/vec4 2, 0, 2;
    %cmp/u;
    %jmp/1 T_23.1, 6;
    %dup/vec4;
    %pushi/vec4 3, 0, 2;
    %cmp/u;
    %jmp/1 T_23.2, 6;
    %pushi/vec4 36, 0, 6;
    %store/vec4 v0x6184c78e71e0_0, 0, 6;
    %jmp T_23.4;
T_23.0 ;
    %pushi/vec4 0, 0, 6;
    %store/vec4 v0x6184c78e71e0_0, 0, 6;
    %jmp T_23.4;
T_23.1 ;
    %pushi/vec4 36, 0, 6;
    %store/vec4 v0x6184c78e71e0_0, 0, 6;
    %jmp T_23.4;
T_23.2 ;
    %pushi/vec4 56, 0, 6;
    %store/vec4 v0x6184c78e71e0_0, 0, 6;
    %jmp T_23.4;
T_23.4 ;
    %pop/vec4 1;
    %jmp T_23;
    .thread T_23, $push;
    .scope S_0x6184c78d0c10;
T_24 ;
    %wait E_0x6184c78d1e60;
    %load/vec4 v0x6184c78e6710_0;
    %dup/vec4;
    %pushi/vec4 1, 0, 2;
    %cmp/u;
    %jmp/1 T_24.0, 6;
    %dup/vec4;
    %pushi/vec4 2, 0, 2;
    %cmp/u;
    %jmp/1 T_24.1, 6;
    %dup/vec4;
    %pushi/vec4 3, 0, 2;
    %cmp/u;
    %jmp/1 T_24.2, 6;
    %pushi/vec4 36, 0, 6;
    %store/vec4 v0x6184c78e6170_0, 0, 6;
    %jmp T_24.4;
T_24.0 ;
    %pushi/vec4 0, 0, 6;
    %store/vec4 v0x6184c78e6170_0, 0, 6;
    %jmp T_24.4;
T_24.1 ;
    %pushi/vec4 36, 0, 6;
    %store/vec4 v0x6184c78e6170_0, 0, 6;
    %jmp T_24.4;
T_24.2 ;
    %pushi/vec4 56, 0, 6;
    %store/vec4 v0x6184c78e6170_0, 0, 6;
    %jmp T_24.4;
T_24.4 ;
    %pop/vec4 1;
    %jmp T_24;
    .thread T_24, $push;
    .scope S_0x6184c78d0c10;
T_25 ;
    %wait E_0x6184c78d1e00;
    %load/vec4 v0x6184c78e84e0_0;
    %dup/vec4;
    %pushi/vec4 1, 0, 3;
    %cmp/u;
    %jmp/1 T_25.0, 6;
    %dup/vec4;
    %pushi/vec4 2, 0, 3;
    %cmp/u;
    %jmp/1 T_25.1, 6;
    %dup/vec4;
    %pushi/vec4 3, 0, 3;
    %cmp/u;
    %jmp/1 T_25.2, 6;
    %dup/vec4;
    %pushi/vec4 4, 0, 3;
    %cmp/u;
    %jmp/1 T_25.3, 6;
    %dup/vec4;
    %pushi/vec4 5, 0, 3;
    %cmp/u;
    %jmp/1 T_25.4, 6;
    %dup/vec4;
    %pushi/vec4 6, 0, 3;
    %cmp/u;
    %jmp/1 T_25.5, 6;
    %dup/vec4;
    %pushi/vec4 7, 0, 3;
    %cmp/u;
    %jmp/1 T_25.6, 6;
    %pushi/vec4 0, 0, 6;
    %store/vec4 v0x6184c78e86a0_0, 0, 6;
    %jmp T_25.8;
T_25.0 ;
    %pushi/vec4 48, 0, 6;
    %store/vec4 v0x6184c78e86a0_0, 0, 6;
    %jmp T_25.8;
T_25.1 ;
    %pushi/vec4 52, 0, 6;
    %store/vec4 v0x6184c78e86a0_0, 0, 6;
    %jmp T_25.8;
T_25.2 ;
    %pushi/vec4 60, 0, 6;
    %store/vec4 v0x6184c78e86a0_0, 0, 6;
    %jmp T_25.8;
T_25.3 ;
    %pushi/vec4 44, 0, 6;
    %store/vec4 v0x6184c78e86a0_0, 0, 6;
    %jmp T_25.8;
T_25.4 ;
    %pushi/vec4 12, 0, 6;
    %store/vec4 v0x6184c78e86a0_0, 0, 6;
    %jmp T_25.8;
T_25.5 ;
    %pushi/vec4 63, 0, 6;
    %store/vec4 v0x6184c78e86a0_0, 0, 6;
    %jmp T_25.8;
T_25.6 ;
    %pushi/vec4 21, 0, 6;
    %store/vec4 v0x6184c78e86a0_0, 0, 6;
    %jmp T_25.8;
T_25.8 ;
    %pop/vec4 1;
    %jmp T_25;
    .thread T_25, $push;
    .scope S_0x6184c78d0c10;
T_26 ;
    %wait E_0x6184c78cf4b0;
    %load/vec4 v0x6184c78e8bc0_0;
    %nor/r;
    %flag_set/vec4 8;
    %jmp/0xz  T_26.0, 8;
    %pushi/vec4 0, 0, 6;
    %store/vec4 v0x6184c78e8420_0, 0, 6;
    %jmp T_26.1;
T_26.0 ;
    %load/vec4 v0x6184c78e7f50_0;
    %cmpi/e 0, 0, 3;
    %jmp/0xz  T_26.2, 4;
    %pushi/vec4 6, 0, 6;
    %store/vec4 v0x6184c78e8420_0, 0, 6;
    %jmp T_26.3;
T_26.2 ;
    %load/vec4 v0x6184c78e7f50_0;
    %cmpi/e 3, 0, 3;
    %jmp/0xz  T_26.4, 4;
    %pushi/vec4 16, 0, 6;
    %store/vec4 v0x6184c78e8420_0, 0, 6;
    %jmp T_26.5;
T_26.4 ;
    %load/vec4 v0x6184c78e8980_0;
    %flag_set/vec4 9;
    %flag_get/vec4 9;
    %jmp/0 T_26.8, 9;
    %load/vec4 v0x6184c78e7c50_0;
    %and;
T_26.8;
    %flag_set/vec4 8;
    %jmp/0xz  T_26.6, 8;
    %load/vec4 v0x6184c78e7d20_0;
    %store/vec4 v0x6184c78e8420_0, 0, 6;
    %jmp T_26.7;
T_26.6 ;
    %load/vec4 v0x6184c78e8980_0;
    %flag_set/vec4 9;
    %flag_get/vec4 9;
    %jmp/0 T_26.11, 9;
    %load/vec4 v0x6184c78e6d00_0;
    %and;
T_26.11;
    %flag_set/vec4 8;
    %jmp/0xz  T_26.9, 8;
    %load/vec4 v0x6184c78e71e0_0;
    %store/vec4 v0x6184c78e8420_0, 0, 6;
    %jmp T_26.10;
T_26.9 ;
    %load/vec4 v0x6184c78e8b00_0;
    %flag_set/vec4 9;
    %flag_get/vec4 9;
    %jmp/0 T_26.14, 9;
    %load/vec4 v0x6184c78e85d0_0;
    %and;
T_26.14;
    %flag_set/vec4 8;
    %jmp/0xz  T_26.12, 8;
    %load/vec4 v0x6184c78e86a0_0;
    %store/vec4 v0x6184c78e8420_0, 0, 6;
    %jmp T_26.13;
T_26.12 ;
    %load/vec4 v0x6184c78e8800_0;
    %flag_set/vec4 9;
    %flag_get/vec4 9;
    %jmp/0 T_26.17, 9;
    %load/vec4 v0x6184c78e60d0_0;
    %and;
T_26.17;
    %flag_set/vec4 8;
    %jmp/0xz  T_26.15, 8;
    %load/vec4 v0x6184c78e6170_0;
    %store/vec4 v0x6184c78e8420_0, 0, 6;
    %jmp T_26.16;
T_26.15 ;
    %load/vec4 v0x6184c78e88c0_0;
    %flag_set/vec4 9;
    %flag_get/vec4 9;
    %jmp/0 T_26.20, 9;
    %load/vec4 v0x6184c78e6880_0;
    %and;
T_26.20;
    %flag_set/vec4 8;
    %jmp/0xz  T_26.18, 8;
    %load/vec4 v0x6184c78e69f0_0;
    %store/vec4 v0x6184c78e8420_0, 0, 6;
    %jmp T_26.19;
T_26.18 ;
    %load/vec4 v0x6184c78e8a40_0;
    %flag_set/vec4 9;
    %flag_get/vec4 9;
    %jmp/0 T_26.23, 9;
    %load/vec4 v0x6184c78e76e0_0;
    %and;
T_26.23;
    %flag_set/vec4 8;
    %jmp/0xz  T_26.21, 8;
    %load/vec4 v0x6184c78e7780_0;
    %store/vec4 v0x6184c78e8420_0, 0, 6;
    %jmp T_26.22;
T_26.21 ;
    %load/vec4 v0x6184c78e7f50_0;
    %cmpi/e 2, 0, 3;
    %flag_mov 8, 4;
    %jmp/0 T_26.24, 8;
    %pushi/vec4 32, 0, 6;
    %jmp/1 T_26.25, 8;
T_26.24 ; End of true expr.
    %pushi/vec4 27, 0, 6;
    %jmp/0 T_26.25, 8;
 ; End of false expr.
    %blend;
T_26.25;
    %store/vec4 v0x6184c78e8420_0, 0, 6;
T_26.22 ;
T_26.19 ;
T_26.16 ;
T_26.13 ;
T_26.10 ;
T_26.7 ;
T_26.5 ;
T_26.3 ;
T_26.1 ;
    %load/vec4 v0x6184c78e8420_0;
    %split/vec4 2;
    %store/vec4 v0x6184c78e3570_0, 0, 2;
    %split/vec4 2;
    %store/vec4 v0x6184c78e3670_0, 0, 2;
    %store/vec4 v0x6184c78e3750_0, 0, 2;
    %jmp T_26;
    .thread T_26, $push;
    .scope S_0x6184c77f5140;
T_27 ;
    %wait E_0x6184c76b9ca0;
    %load/vec4 v0x6184c78ef040_0;
    %nor/r;
    %flag_set/vec4 8;
    %jmp/0xz  T_27.0, 8;
    %pushi/vec4 1, 0, 1;
    %assign/vec4 v0x6184c78ef690_0, 0;
    %jmp T_27.1;
T_27.0 ;
    %load/vec4 v0x6184c78ef5f0_0;
    %assign/vec4 v0x6184c78ef690_0, 0;
T_27.1 ;
    %jmp T_27;
    .thread T_27;
# The file index is used to find the file name in the following table.
:file_names 22;
    "N/A";
    "<interactive>";
    "-";
    "src/audio.v";
    "src/sprites.v";
    "src/hud.v";
    "src/project.v";
    "src/anim.v";
    "src/balance.v";
    "src/buttons.v";
    "src/chest_game.v";
    "src/dual_lfsr.v";
    "src/home.v";
    "src/hvsync_generator.v";
    "src/renderer.v";
    "src/draw_buttons.v";
    "src/chest_draw.v";
    "src/coinbar.v";
    "src/dragon_draw.v";
    "src/hearts.v";
    "src/satisfactionbar.v";
    "src/dragon_state.v";
